
{   
    "Alaska": 
    {
        "mail_title": "Vote absentee by mail",
        "in_person_title": "Vote absentee in person",
        "mail_instructions": "Request or fill out <a href='http://www.elections.alaska.gov/doc/forms/C06%20Fillable.pdf'> an absentee ballot application</a> and send it to <a href='http://www.elections.alaska.gov/Core/contacttheabsenteeandpetitionoffice.php'>your local Absentee Office</a>.",
        "mail_request_deadline": "10 days before the election.",
        "in_person_instructions": "Visit <a href='http://www.elections.alaska.gov/Core/AIPEVEvents.php'>an early/in-person absentee voting location</a> starting 15 days before the election.",
        "ballot_delivery": "Postmarked or delivered by Election Day.", 
        "requirements":"None (except that you're registered).",
        "source": "http://www.elections.alaska.gov/Core/votingbymail.php",
        "span_app": "",
        "last_checked":"2020-03-29"
    },
    
    "Alabama": 
    {
        "mail_title": "Vote absentee by mail",
        "in_person_title": "Vote absentee in person",
        "mail_instructions": "<p>Request or <a href='https://www.sos.alabama.gov/sites/default/files/Regular%20Absentee%20App%20Fillable.pdf'>fill out a ballot application</a> and send it/take it to <a href='https://www.sos.alabama.gov/city-county-lookup/absentee-election-manager'> your local election manager</a>.", 
        "mail_request_deadline": "5 days before the election.",
        "in_person_instructions": "Delivered to <a href='https://www.sos.alabama.gov/city-county-lookup/absentee-election-manager'> your local election manager</a> by 5 p.m. the day before the election.",
        "ballot_delivery": "By noon on Election Day.",
        "requirements":"<p>You can vote absentee if you're</p><ul> <li>Out of the country</li> <li>Ill</li> <li>Working a 10-hour shift</li> <li>Caring for a family member who's confined to their home</li> <li>Incarcerated (though not if you've been convicted of a felony)</li></ul>",
        "source": "https://www.sos.alabama.gov/alabama-votes/voter/absentee-voting",
        "span_app": "",
        "last_checked":"2020-03-29"
        
    },
    "Arkansas":
    {
        "mail_title": "Vote absentee by mail",
        "in_person_title": "Vote absentee in person",
        "mail_instructions": "Request or <a href='https://www.sos.arkansas.gov/uploads/elections/county_clerks_for_website.pdf'>download an absentee ballot application</a> from your <a href='https://www.sos.arkansas.gov/uploads/elections/Absentee_Ballot_Application.pdf'>County Clerk</a>.",
        "mail_request_deadline": "7 days before the election",
        "in_person_instructions": "Deliver your absentee ballot application by the day before the election.",
        "ballot_delivery": "<ul><li>In person: Before Election Day</li> <li>By mail: Received by 7:30 p.m. on Election Day</li></ul>",
        "requirements":"<p>To vote absentee, you must:</p> <ul> <li>Be unable to get to your polling site</li> <li>ill</li> <li>Have a physical disability</li> <li>Indicate if you'll be picking you your ballot in person, by mail, or bearer (i.e. someone else is getting it for you)",
        "source": "https://www.sos.arkansas.gov/elections/voter-information/absentee-voting",
        "span_app": "",
        "last_checked":"2020-03-29"
    },
    "Arizona": 
    {
        "mail_title": "Vote early by mail",
        "in_person_title": "Vote early in person",
        "mail_instructions": "<a href='https://www.azcleanelections.gov/register-to-vote'>Sign up online</a> or <a href='https://www.azcleanelections.gov/county-contact'>contact your County Recorder</a> to get added to AZ's \"permanent early voting list.\"",
        "mail_request_deadline": "11 days before the election.",
        "in_person_instructions":"You can vote early in person starting 27 days before the election at an early voting location. <a href='https://www.azcleanelections.gov/how-to-vote/early-voting/in-person'>Learn more about how and where</a>.",
        "ballot_delivery": "Election Day. You can return ballots to your <a href='https://www.azcleanelections.gov/county-contact'>County Recorder's Office</a>, any voting location, or any designated ballot return box.",
        "requirements":"None (except that you're registered).",
        "source": "https://recorder.maricopa.gov/site/faq.aspx",
        "span_app": "",
        "last_checked":"2020-03-29"
    },

    "California": 
    {
        "mail_title": "Vote early by mail",
        "in_person_title": "Vote early in person",
        "mail_instructions": "Fill out <a href='https://elections.cdn.sos.ca.gov/vote-by-mail/pdf/vote-by-mail-application.pdf'>a vote-by-mail application</a> (or use the one that comes in your voter guide) and return it to <a href='http://www.sos.ca.gov/elections/voting-resources/county-elections-offices/'>your county elections office</a>.",
        "mail_request_deadline": "7 days before the election. If you miss this deadline, you can still apply in person. Some counties even let you apply by phone!",
        "in_person_instructions":"Some counties offer in-person early voting. Check with your <a href='https://www.sos.ca.gov/elections/voting-resources/county-elections-offices'>county election office</a> to find your county's early voting locations & times.",
        "ballot_delivery": "Postmarked or returned in person by Election Day.",
        "requirements":"None (except that you're registered).",
        "source": "https://www.sos.ca.gov/elections/voter-registration/vote-mail/",
        "span_app": "",
        "last_checked":"2020-03-29"
    },

    "Colorado": 
    {
        "mail_title": "Vote by mail",
        "in_person_title": "In-person voting",
        "mail_instructions": "You'll receive a mail ballot sent to the mailing address you listed when you registered.",
        "mail_request_deadline": "You don't need to request a by-mail ballot in CO. They'll send it as long as you're registered.",
        "in_person_instructions":"You can drop off your ballot in person before the election. Get in touch with <a href='https://www.sos.state.co.us/pubs/elections/Resources/CountyElectionOffices.html'>your county clerk</a> to learn where and when.",
        "ballot_delivery": "Your <a href='https://www.sos.state.co.us/pubs/elections/Resources/CountyElectionOffices.html'>county clerk</a> must receive your ballot by 7 p.m. on Election Day.",
        "requirements":"None (except that you're registered). (except that you're registered)..",
        "source": "https://www.sos.state.co.us/pubs/elections/FAQs/mailBallotsFAQ.html",
        "span_app": "",
        "last_checked":"2020-03-29"
    },

    "Connecticut": 
    {
        "mail_title": "Vote absentee by mail",
        "in_person_title": "Vote absentee in person",
        "mail_instructions": "Fill out <a href='https://portal.ct.gov/SOTS/Election-Services/Voter-Information/Absentee-Voting'>an absentee ballot application</a> and send it to <a href='https://portal.ct.gov/-/media/SOTS/ElectionServices/lists/TownClerkListpdf.pdf?la=en'>your town clerk</a>.",
        "mail_request_deadline": "The <a hrf='https://portal.ct.gov/SOTS/Election-Services/Voter-Information/Absentee-Voting'>CT Secretary of State isn't specific</a>, but the state needs to process your application, send you a ballot, and receive your filled out ballot. Give yourself at least 10 days.",
        "in_person_instructions":"Fill out <a href='https://portal.ct.gov/SOTS/Election-Services/Voter-Information/Absentee-Voting'>an absentee ballot application</a> and deliver it to <a href='https://portal.ct.gov/-/media/SOTS/ElectionServices/lists/TownClerkListpdf.pdf?la=en'>your town clerk</a>.",
        "ballot_delivery": "By Election Day.",
        "requirements":"<p>You can vote absentee if you're:</p><ul><li>Out of town on Election Day</li> <li>Ill</li> <li>Celebrating a religious occasion that prevents you from voting</li> <li>Physically incapable of getting to the polling place</li>",
        "source": "https://portal.ct.gov/SOTS/Election-Services/Voter-Information/Absentee-Voting",
        "span_app": "",
        "last_checked":"2020-03-29"
    },

    "Delaware":
    {
        "mail_title": "Vote absentee by mail",
        "in_person_title": "Vote absentee in person",
        "mail_instructions": "Fill out <a href='https://elections.delaware.gov/pubs/pdfs/absentee_ballot_application.pdf'>an absentee ballot application</a> and return it to your local <a href='https://elections.delaware.gov/locations.shtml'>Department of Elections</a>.",
        "mail_request_deadline": "Deleware <a href='https://elections.delaware.gov/services/voter/absentee/citizen.shtml#dates'>stops issuing absentee ballots the day before the election</a>. We recommend getting your ballot request in at least 10 days before the election.",
        "in_person_instructions":"Same as by mail: Fill out <a href='https://elections.delaware.gov/pubs/pdfs/absentee_ballot_application.pdf'>an absentee ballot application</a> and bring it to your local <a href='https://elections.delaware.gov/locations.shtml'>Department of Elections</a>.",
        "ballot_delivery": "The last day to deliver an absentee ballot by hand is 12 days before the election. Your mailed ballot has to be in by the time the polls close on Election Day.",
        "requirements":"<p>You can vote absentee if you're:</p> <ul><li>Working</li> <li>Away at school</li> <li>Ill</li> <li>On vacation</li> <li>Physically unable to get to the polls</li> <li>Celebrating a religious occasion that prevents you from voting</li></ul>",
        "source": "https://elections.delaware.gov/pubs/pdfs/AbsenteeVoting_CantGoToThePolls.pdf",
        "span_app": "",
        "last_checked":"2020-03-29"
    },

    "Florida":
    {
        "mail_title": "Vote early by mail",
        "in_person_title": "Vote early in person",
        "mail_instructions": "Download or request a vote-by-mail application from your <a href='http://dos.elections.myflorida.com/supervisors/'>county Supervisor of Elections</a> and then send it back.",
        "mail_request_deadline": "10 days before the election.",
        "in_person_instructions":"As long as you're registered, you can vote early in person at <a href='https://dos.myflorida.com/elections/for-voters/voting/early-voting/'>an early voting site</a>.",
        "ballot_delivery": "<ul><li>By-mail ballots must be returned by 7 p.m. on Election Day</li> <li>In-person early voting happens from 10 to 3 days before an election. The period may be longer in your area; check with your <a href='http://dos.elections.myflorida.com/supervisors/'>county Supervisor of Elections</a></li>",
        "requirements":"None (except that you're registered).",
        "source": "https://dos.myflorida.com/elections/for-voters/voting/vote-by-mail/",
        "span_app": "",
        "last_checked":"2020-03-29"
    },

    "Georgia":
    {
        "mail_title": "Vote early by mail",
        "in_person_title": "Vote early in person",
        "mail_instructions": "Fill out <a href='http://sos.ga.gov/admin/files/Absentee_Ballot_Application_2018.pdf'>an absentee ballot application</a> and mail/email/take it back to your <a href='http://elections.sos.ga.gov/Elections/countyregistrars.do'>local County Board of Registrar's Office</a>.",
        "mail_request_deadline": "The <a href='https://sos.ga.gov/index.php/Elections/absentee_voting_in_georgia'>GA Secretary of State</a> doesn't specify exactly when you need to return your application, but leave enough time to submit your application, receive your ballot, and send it back. We recommend at least 10 days before the election.",
        "in_person_instructions":"During the early voting period, you can vote at <a href=''>one of these early vote locations</a>. The early voting period starts 4 Mondays before the election and ends the Friday before Election Day. You'll fill out an absentee ballot at the early vote location.",
        "ballot_delivery": "By Election Day.",
        "requirements":"None (except that you're registered).",
        "source": "https://georgia.gov/popular-topic/voting and https://sos.ga.gov/admin/uploads/Absentee_Voting_Guide_20142.pdf",
        "span_app": "",
        "last_checked":"2020-03-20"
    },

    "Hawaii":
    {
        "mail_title": "Vote by mail",
        "in_person_title": "In-person voting",
        "mail_instructions": "Your local election clerk will mail you a ballot and an envelope to return it in.",
        "mail_request_deadline": "You don't need to request a by-mail ballot in HI. They'll send it as long as you're registered.",
        "in_person_instructions":"You can register and vote early at a voter service center starting 10 days before the election. (Hawaii next publishes voter service center locations & times in May 2020.)",
        "ballot_delivery": "By 7 p.m. on Election Day.",
        "requirements":"None (except that you're registered).",
        "source": "https://elections.hawaii.gov/frequently-asked-questions/voting-by-mail/",
        "span_app": "",
        "last_checked":"2020-03-19"
    },

    "Iowa":
    {
        "mail_title": "Vote absentee by mail",
        "in_person_title": "Vote early in person",
        "mail_instructions": "Fill out <a href='https://sos.iowa.gov/elections/pdf/absenteeballotapp.pdf'>an absentee ballot application</a> and mail, email, fax, or take it to <a href='https://sos.iowa.gov/elections/auditors/auditorslist.html'>your county auditor</a>.",
        "mail_request_deadline": "<p>If you're requesting a ballot through the mail:</p><ul><li>For the general election: 10 days before</li> <li>For other elections: 11 days before</li></ul> <p>If you're requesting a ballot by email or fax, submit your application the Monday before the election.</p>",
        "in_person_instructions":"Starting 29 days before an election, you can vote at <a href='https://sos.iowa.gov/elections/auditors/auditorslist.html'>your county auditor's office</a> until the day before an election.",
        "ballot_delivery": "By the time the polls close on Election Day.",
        "requirements":"None (except that you're registered).",
        "source": "https://sos.iowa.gov/elections/electioninfo/absenteeinfo.html",
        "span_app": "",
        "last_checked":"2020-03-21"
    },

    "Idaho":
    {
        "mail_title": "Vote early by mail",
        "in_person_title": "Vote early in person",
        "mail_instructions": "Fill out <a href='https://sos.idaho.gov/elect/clerk/forms/2020_Primary_Absentee_Request_Fillable.pdf'>this absentee ballot application</a> and send it to <a href='https://idahovotes.gov/county-clerks/'>your county clerk</a>.",
        "mail_request_deadline": "11 days before the election.",
        "in_person_instructions":"You can cast an early vote at an \"absent elector's polling place\" (ask <a href='https://idahovotes.gov/county-clerks/'>your county clerk</a> where this is) until 5 p.m. on the Friday before an election. The beginning of this early voting period seems to vary by county; check with your local clerk for specifics.", 
        "ballot_delivery": "By Election Day.",
        "requirements":"None (except that you're registered).",
        "source": "https://idahovotes.gov/absentee-voter-information/",
        "span_app": "",
        "last_checked":"2020-03-21"
    },
    
    "Illinois":
    {
        "mail_title": "Vote early by mail",
        "in_person_title": "Vote early in person",
        "mail_instructions": "Apply for a by-mail ballot online through your <a href='https://www.elections.il.gov/ElectionOperations/ElectionAuthorities.aspx'>your county clerk</a>, and you'll get a ballot in the mail. Return it to the clerk when you've filled it out.",
        "mail_request_deadline": "5 days before the election.",
        "in_person_instructions":"You can vote in person at <a href='https://www.cookcountyclerk.com/service/early-voting-locations'>an early voting location</a> starting 15 days before an election.",
        "ballot_delivery": "Return your ballot by Election Day.",
        "requirements":"None (except that you're registered).",
        "source": "https://www.cookcountyclerk.com/agency/vote-mail",
        "span_app": "",
        "last_checked":"2020-03-21"
    },

    "Indiana":
    {
        "mail_title": "Vote absentee by mail",
        "in_person_title": "Vote absentee in person",
        "mail_instructions": "<a href='https://www.in.gov/sos/elections/2402.htm'>The bottom of this Indiana Secretary of State webpage</a> includes forms for mail and in-person absentee voting. Fill one out and mail it to your <a href='https://indianavoters.in.gov/CountyContact/Index'>county election board</a>. ",
        "mail_request_deadline": "2 weeks before the election.",
        "in_person_instructions":"Same as by mail: <a href='https://www.in.gov/sos/elections/2402.htm'>Fill out the in-person applicaton</a> and take it to your <a href='https://indianavoters.in.gov/CountyContact/Index'>county election board</a>.",
        "ballot_delivery": "By Election Day.",
        "requirements":"<p>You can vote absentee if you're: <ul> <li>Away or working while the polls are open (6 a.m until 6 pm)</li><li>Physically unable to get to the polls</li><li>65 years or older</li><li>Ill, injured, or caring for someone else who is</li> <li>Celebrating a religious occasion that prevents you from voting</li><li>In an address confidentiality program</li> <li>In the military or public safety</li> <li>A \"serious sex offender\" per Indiana's law.</li><li>Have no way to get to the polls</li></ul>",
        "source": "https://www.in.gov/sos/elections/2402.htm",
        "span_app": "",
        "last_checked":"2020-03-21"
    },

    "Kansas":
    {
        "mail_title": "\"Advance\" (early) voting by mail",
        "in_person_title":  "\"Advance\" (early) voting in person",
        "mail_instructions": "<a href='https://www.kssos.org/forms/elections/AV1.pdf'>Fill out an advance vote application</a> or request one and return it to <a href='https://www.sos.ks.gov/elections/county_election_officers.aspx'>your county elections office</a>.",
        "mail_request_deadline": "5 days before the election.",
        "in_person_instructions":"You can vote in person before the election at <a href='https://www.sos.ks.gov/elections/county_election_officers.aspx'>your county elections office</a>. Advance voting start dates vary by county.",
        "ballot_delivery": "Received no later than 3 days after the election.",
        "requirements":"None (except that you're registered).",
        "source": "https://sos.kansas.gov/elections/registration-voting/",
        "span_app": "",
        "last_checked":"2020-03-22"
    },

    "Kentucky":
    {
        "mail_title": "Vote absentee by mail",
        "in_person_title": "Vote absentee in person",
        "mail_instructions": "Request an absentee application from <a href='https://elect.ky.gov/About-Us/Pages/County-Clerks.aspx'>your country clerk</a>.",
        "mail_request_deadline": "7 days before an election.",
        "in_person_instructions":"Same as by mail: Visit <a href='https://elect.ky.gov/About-Us/Pages/County-Clerks.aspx'>your country clerk</a> and request an application.",
        "ballot_delivery": "Mail your ballot back by 6 p.m. on Election Day. Check with your county clerk to see when you can return your in-person absentee ballot.",
        "requirements":"<p>You can vote absentee if you're:</p><ul><li>Ill</li><li>Elderly</li><li><a href='https://elect.ky.gov/Voters/Pages/College-Students.aspx'>A student</a> who's out of the country</li><li>Outside of the state but eligible to vote</li><li>Incarcerated but not convicted</li><li>Working on Election Day while the polls are open</li>",
        "source": "https://elect.ky.gov/Voters/Pages/Absentee-Voting.aspx",
        "span_app": "",
        "last_checked": "2020-03-22"
    },   

    
    "Louisiana":
    {
        "mail_title": "Vote absentee by mail",
        "in_person_title": "Vote early in person",
        "mail_instructions": "Submit <a href='https://www.sos.la.gov/ElectionsAndVoting/PublishedDocuments/GeneralApplicationForAbsenteeByMailBallot.pdf'>an application</a> to your <a href='https://voterportal.sos.la.gov/registrar'>registrar of voters</a>. You can also apply through <a href='https://voterportal.sos.la.gov/'>LA's online system</a>.",
        "mail_request_deadline": "4 days before the election.",
        "in_person_instructions":"Go to your <a href='https://voterportal.sos.la.gov/registrar'>local Registrars of Voters Office</a> to vote early.",
        "ballot_delivery": "<ul><li>In person: You can vote early between 14 and 7 days before the election</li><li>By mail: 4:30 p.m. the day before the election</li></ul>.",
        "requirements":"<p>You can vote early for any reason. You can vote by mail if you're:</p> <ul><li>65 years old or older</li> <li>Live or work away from home</li> <li>Incarcerated by not convicted</li> <li>Physically incapable of getting to the polls</li></ul>.",
        "source": "https://www.sos.la.gov/electionsandvoting/vote/votebymail/pages/default.aspx",
        "span_app": "",
        "last_checked":"2020-03-22"
    },

    "Massachusetts":
    {
        "mail_title": "Vote absentee by mail",
        "in_person_title": "Vote absentee in person",
        "mail_instructions": "Download (or request) and fill out <a href='https://www.sec.state.ma.us/ele/elepdf/absentee/English-Absentee-Ballot-Application.pdf'>an absentee ballot application</a> from your <a href='https://www.sec.state.ma.us/ele/eleclk/clkidx.htm'>county clerk</a>.",
        "mail_request_deadline": "By 12 p.m. on the day before the election. If the day before is a holiday or a Sunday, then by 5 p.m. on the last business day before the election.",
        "in_person_instructions":"The Secretary of State mostly gives instructions for absentee by-mail voting, but in-person absentee voting is possible, too. Get in touch with your <a href='https://www.sec.state.ma.us/ele/eleclk/clkidx.htm'>county clerk</a> and ask how.",
        "ballot_delivery": "By the time the polls close on Election Day.",
        "requirements":"<p>You can vote absentee if you're:</p><ul><li>Out of the state on Election Day</li> <li>Physically incapable of getting to the polls</li> <li>Religious beliefs prevent you from voting</li></ul>.",
        "source": "https://www.sec.state.ma.us/ele/eleabsentee/absidx.htm",
        "span_app": "",
        "last_checked":"2020-03-22"
    },

    "Maryland":
    {
        "mail_title": "Vote early by mail",
        "in_person_title": "Vote early in person",
        "mail_instructions": "<a href='https://voterservices.elections.maryland.gov/OnlineVoterRegistration'>Request an absentee ballot online</a> or <a href='https://elections.maryland.gov/voting/documents/Absentee_Ballot_Application_English.pdf'>download the application</a> and return it to your <a href='https://elections.maryland.gov/about/county_boards.html'>local board of elections</a>.",
        "mail_request_deadline": "<ul><li>A week before the election if you want your ballot by mail or fax</li><li>4 days before the election if you'll be downloading it through MD's online system</li></ul>",
        "in_person_instructions":"You can vote early at <https://elections.maryland.gov/elections/2020/2020%20Early%20Voting%20Centers.pdf'>an early voting center</a>. Check this <a href='https://elections.maryland.gov/voting/early_voting.html'>MD Board of Elections page for when you can vote early</a> in 2020.",
        "ballot_delivery": "Your mailed ballot has to be postmarked by the election and received no later than 10 days after the election.",
        "requirements":"None (except that you're registered).",
        "source": "https://elections.maryland.gov/voting/absentee.html",
        "span_app": ""
    },

    "Michigan":
    {
        "mail_title": "Vote early by mail",
        "in_person_title": "Vote early in person",
        "mail_instructions": "<a href='https://www.michigan.gov/documents/sos/AVApp_535884_7.pdf'>Download an application</a> (or request one) and return it to <a href='https://mvic.sos.state.mi.us/Clerk'>your town clerk</a>.",
        "mail_request_deadline": "By 5 p.m. the Friday before an election.",
        "in_person_instructions":"The in-person request deadline is later than the by-mail deadline: You can get an absentee application at <a href='https://mvic.sos.state.mi.us/Clerk'>your town clerk's office</a> until 4 p.m. the day before an election.",
        "ballot_delivery": "By 8 p.m. on Election Day.",
        "requirements":"None (except that you're registered).",
        "source": "https://www.michigan.gov/sos/0,4670,7-127-1633_8716_8728-21037--,00.html",
        "span_app": "<a href='https://www.michigan.gov/documents/sos/Spanish_Absent_Voter_Ballot_Application_-_March_Nov_2_681319_7.pdf'>Solicitud para votar en ausencia</a>.",
        "last_checked":"2020-03-22"
    },
    
    "Minnesota": 
    {
        "mail_title": "Vote early by mail",
        "in_person_title": "Vote early in person",
        "mail_instructions": "Fill out <a href='https://www.sos.state.mn.us/media/2444/english-regular-absentee-ballot-application.pdf'>an absentee ballot application</a> and return it to <a href='https://www.sos.state.mn.us/elections-voting/find-county-election-office/'>your county elections office</a>.",
        "mail_request_deadline": "The deadline is the day before the election, but if you're mailing your ballot, make sure you leave time to receive it and return it by the deadline.",
        "in_person_instructions":"Go to <a href='https://www.sos.state.mn.us/elections-voting/find-county-election-office/'>your county election office</a> to register and vote early. There may be other early voting locations, too; check with your local office to find out more.",
        "ballot_delivery": "<ul><li>By mail: On Election Day</li><li> In person <a href='https://www.sos.state.mn.us/elections-voting/other-ways-to-vote/vote-early-in-person/'>early voting locations</a> open more than a month before the election</li></ul>",
        "requirements":"None to apply, but you'll need a witness when you're filling out the ballot.",
        "source": "https://www.sos.state.mn.us/elections-voting/other-ways-to-vote/vote-early-by-mail/",
        "span_app": "",
        "last_checked":"2020-03-22"
    },

    "Montana":
    {
        "mail_title": "Vote early by mail",
        "in_person_title": "Vote early in person",
        "mail_instructions": "Fill out an <a href='https://sosmt.gov/Portals/142/Elections/Forms/Application-for-Absentee-Ballot.pdf?dt=1523473411709'>absentee ballot application</a> and send it to your <a href='https://sosmt.gov/Portals/142/Elections/Forms/electionadministrators.pdf'>county elections office</a>.",
        "mail_request_deadline": "Noon the day before the election.",
        "in_person_instructions":"Same as by mail: Fill out an <a href='https://sosmt.gov/Portals/142/Elections/Forms/Application-for-Absentee-Ballot.pdf?dt=1523473411709'>absentee ballot application</a> and send/take it to your <a href='https://sosmt.gov/Portals/142/Elections/Forms/electionadministrators.pdf'>county elections office</a>. If you're it dropping off in person, you can pick up your ballot right then.",
        "ballot_delivery": "8 p.m. on Election Day.",
        "requirements":"None (except that you're registered).",
        "source": "https://sosmt.gov/elections/absentee/",
        "span_app": "",
        "last_checked": "2020-03-23"
    },

    "Mississippi":
    {
        "mail_title": "Vote absentee by mail",
        "in_person_title": "Vote absentee in person",
        "mail_instructions": "Contact <a href='https://www.sos.ms.gov/Elections-Voting/Pages/County-Election-Info.aspx'>your county/municipal clerk</a>. They will probably have you fill out <a href='https://www.sos.ms.gov/Elections-Voting/Documents/Absentee%20Voting%20Forms17.pdf'>an absentee ballot form like this one</a>.",
        "mail_request_deadline": "We couldn't find an official absentee ballot request deadline, but leave enough time to get your ballot, fill it out, and return it by the absentee voting deadline.",
        "in_person_instructions":"<ul>Same as by mail: Go to <a href='https://www.sos.ms.gov/Elections-Voting/Pages/County-Election-Info.aspx'>your county/municipal clerk's office</a> and apply to vote absentee.",
        "ballot_delivery": "<ul><li>In person: 3 days before the election</li> <li>By mail: Postmarked by election day</li></ul>",
        "requirements":"<p>You can vote absentee if you're</p> <ul><li>Elderly</li><li>Ill</li><li>Working</li><li>Out of the state for school</li></ul>",
        "source": "https://www.sos.ms.gov/Elections-Voting/Documents/VoterInformationGuide.pdf",
        "span_app": "<a href=''>Solicitud para votar en ausencia</a>.",
        "last_checked":"2020-08-09"
    },

    "Missouri":
    {
        "mail_title": "Vote by mail",
        "in_person_title": "Vote absentee in person",
        "mail_instructions": "Request an absentee ballot from your <a href ='https://www.sos.mo.gov/elections/govotemissouri/localelectionauthority'>local election authority</a>. You can ask them to mail you a request form, or <a href='https://www.sos.mo.gov/CMSImages/ElectionGoVoteMissouri//2019AbsenteeBallotrequestformfillable.pdf'>download this request form</a> and return it via email, mail, or fax.",
        "mail_request_deadline": "2 Wednesdays before the election by 5 p.m.",
        "in_person_instructions":"Go to your <a href ='https://www.sos.mo.gov/elections/govotemissouri/localelectionauthority'>local election authority</a> to vote an absentee ballot beginning 6 weeks before an election.",
        "ballot_delivery": "The day before the election.",
        "requirements":"<p>You can vote absentee if you're</p> <ul><li>Il</li><li>Physically incapable of getting the the polls</li><li>Working</li><li>Out of the state</li><li>Celebrating a religious occasion that prevents you from voting</li><li>Incarcerated but not prevented from voting (e.g. you were convicted of a felony)</li><li>Part of an address confidentiality program</li></ul>",
        "source": "https://www.sos.mo.gov/elections/goVoteMissouri/howtovote",
        "span_app": "<a href=''>Solicitud para votar en ausencia</a>.",
        "last_checked": "2020-03-23"
    },

    "North Carolina":
    {
        "mail_title": "Vote early by mail",
        "in_person_title": "One-stop in-person early voting",
        "mail_instructions": "Fill out an <a href='https://s3.amazonaws.com/dl.ncsbe.gov/Forms/NCAbsenteeBallotRequestForm.pdf'>absentee ballot request form</a> and send/take it to <a href='https://vt.ncsbe.gov/BOEInfo/'>your county board of elections</a>.",
        "mail_request_deadline": "5 p.m. on the Tuesday before the election.",
        "in_person_instructions":"You can register and vote the same day at <a href='https://vt.ncsbe.gov/ossite/'>an early voting location</a>.",
        "ballot_delivery": "<a href='https://vt.ncsbe.gov/BOEInfo/'>Your county board of elections</a> must receive your mailed ballot by 5 p.m. on Election Day.",
        "requirements":"None (except that you're registered).",
        "source": "https://www.ncsbe.gov/Voting-Options/Absentee-Voting",
        "span_app": "<a href='https://www.ncsbe.gov/Portals/0/Forms/NCVoterRegForm09W.pdf'>Solicitud para votar en ausencia</a>.",
        "last_checked": "2020-03-25"
    },

    "North Dakota":
    {
        "mail_title": "Vote early by mail",
        "in_person_title": "Vote early in person",
        "mail_instructions": "You can <a href='https://vip.sos.nd.gov/absentee'>submit an application online</a> to your <a href='https://vip.sos.nd.gov/CountyAuditors.aspx'>county auditor's office</a>. You could also <a href='https://www.nd.gov/eforms/Doc/sfn51468.pdf'>download the ballot request form</a>, fill it out, and email/mail/take it back to them.",
        "mail_request_deadline": "The day before the election.",
        "in_person_instructions":"Find out about <a href='https://vip.sos.nd.gov/WhereToVote.aspx?tab=AddressandVotingTimes&ptlPKID=7&ptlhPKID=50'>in-person early voting locations online</a> or contact your <a href='https://vip.sos.nd.gov/CountyAuditors.aspx'>county auditor's office</a>.",
        "ballot_delivery": "We couldn't find an official deadline. We recommend applying for a mail ballot at least 2 weeks in advance, or following the early vote in-person instructions.",
        "requirements":"None.",
        "source": "https://vip.sos.nd.gov/PortalListDetails.aspx?ptlhPKID=53&ptlPKID=7#content-start",
        "span_app": "",
        "last_checked":"2020-03-25"
    },

    "New Hampshire": 
    {
        "mail_title": "Vote absentee by mail",
        "in_person_title": "Vote absentee in person",
        "mail_instructions": "You'll need to fill out <a href='https://sos.nh.gov/ElecForms2.aspx'>an absentee ballot request</a> and send or email it to <a href='https://app.sos.nh.gov/Public/ClerkDetails.aspx'>your town clerk</a>.",
        "mail_request_deadline": "There's no deadline, but leave time for the clerk to receive and process your request, send you a ballot, and then receive your completed ballot.",
        "in_person_instructions":"Same as by mail: You'll need to fill out <a href='https://sos.nh.gov/ElecForms2.aspx'>an absentee ballot request</a> and send it to <a href='https://app.sos.nh.gov/Public/ClerkDetails.aspx'>your town clerk</a>.",
        "ballot_delivery": "<ul><li>By mail: By Election Day at your Clerk's Office (or on Election Day to your polling place)</li><li>In person: The day before the election at your Clerk's Office</li></ul>",
        "requirements":"<p>You can vote absentee if you're:<ul><li>Physically incapable of getting to the polls</li><li>Celebrating a religious occasion that prevents you from voting</li><li>Away from home on Election Day</li><li>Working, including caring for children or \"infirm\" adults</li></ul>",
        "source": "https://lebanonnh.gov/564/Absentee-Ballots-Voting",
        "span_app": "",
        "last_checked": "2020-03-25"
    },

    "Nebraska":
    {
        "mail_title": "Vote early by mail",
        "in_person_title": "Vote early in person",
        "mail_instructions": "Fill out an <a href='https://sos.nebraska.gov/elections/voter-forms'>early voting form</a> and send, fax, or email it to your <a href='https://sos.nebraska.gov/elections/election-officials-contact-information'>county elections office</a>.",
        "mail_request_deadline": "2 Fridays before the election by 6 p.m.",
        "in_person_instructions":"You can vote in person at your <a href='https://sos.nebraska.gov/elections/election-officials-contact-information'>county elections office</a> starting 30 days before a general election and 15 days before any other election. The last day to early vote is the day before the election.",
        "ballot_delivery": "By the time the polls close on Election Day.",
        "requirements":"None.",
        "source": "https://sos.nebraska.gov/elections/early-voting",
        "span_app": "<a href='https://sos.nebraska.gov/elections/voter-forms'>Solicitud para votar en ausencia</a>.",
        "last_checked": "2020-03-26"
    },

    "New Jersey":
    {
        "mail_title": "Vote early by mail",
        "in_person_title": "Vote early in person",
        "mail_instructions": "Send a vote-by-mail application to <a href='https://www.state.nj.us/state/elections/county-election-officals.shtml'>your county clerk</a>. You can find <a href='https://www.state.nj.us/state/elections/vote-by-mail.shtml'>your county's application here</a>.",
        "mail_request_deadline": "7 days before the election.",
        "in_person_instructions":"You can apply in-person to vote early until 3 p.m. the day before the election at <a href='https://www.state.nj.us/state/elections/county-election-officals.shtml'>your county clerk's office</a>.",
        "ballot_delivery": "Postmarked by the election and received within 2 days of the polls closing.",
        "requirements":"None (except that you're registered).",
        "source": "https://www.state.nj.us/state/elections/vote-by-mail.shtml",
        "span_app": "<a href=''>Solicitud para votar en ausencia</a>.",
        "last_checked":"2020-03-26"
    },

    "New Mexico":
    {
        "mail_title": "Vote early by mail",
        "in_person_title": "Vote early in person",
        "mail_instructions": "<a href='https://portal.sos.state.nm.us/OVR/WebPages/AbsenteeApplication.aspx?type=RA'>Request an absentee ballot online</a> or <a href='https://www.sos.state.nm.us/voting-and-elections/voter-information/absentee-and-early-voting/#>download the absentee application</a> and return it to your <a href='https://www.sos.state.nm.us/voting-and-elections/voter-information/county-clerk-information/'>your county clerk</a>.",
        "mail_request_deadline": "4 days before the election.",
        "in_person_instructions":"In 2020, you can vote early at your <a href='https://www.sos.state.nm.us/voting-and-elections/voter-information/county-clerk-information/'>county clerk's office</a> between Oct. 17 and Oct. 31",
        "ballot_delivery": "By 7 p.m. on Election Day.",
        "requirements":"None (except that you're registered).",
        "source": "https://www.sos.state.nm.us/voting-and-elections/voter-information/absentee-and-early-voting/",
        "span_app": "",
        "last_checked":"2020-03-26"
    },
    
    "Nevada":
    {
        "mail_title": "Vote early by mail",
        "in_person_title": "Vote early in person",
        "mail_instructions": "Fill out <a href='https://www.nvsos.gov/sos/home/showdocument?id=8262'>an absentee ballot request form</a> and submit it to your <a href='https://www.nvsos.gov/sos/elections/voters/county-clerk-contact-information'>local clerk or election official</a>. Clark County residents can <a href='http://www.clarkcountynv.gov/vote'>request a ballot online</a>.",
        "mail_request_deadline": "14 days before the election.",
        "in_person_instructions":"There's a 2-week period during which you can vote early at an <a href='https://www.nvsos.gov/sos/elections/voters/early-voting-information'>early voting location</a>.",
        "ballot_delivery": "7 p.m. on Election Day.",
        "requirements":"None (as long as you're registered).",
        "source": "https://www.nvsos.gov/sos/elections/voters/early-voting-information",
        "span_app": "<a href=''>Solicitud para votar en ausencia</a>.",
        "last_checked":"2020-03-26"
    },
    
    "New York":
    {
        "mail_title": "Vote absentee by mail",
        "in_person_title": "Vote early in person",
        "mail_instructions": "Fill out <a href='https://www.elections.ny.gov/NYSBOE/download/voting/AbsenteeBallot-English.pdf'>an absentee ballot request application</a> and send it to your <a href='https://www.elections.ny.gov/CountyBoards.html'>county board of elections</a>.",
        "mail_request_deadline": "Postmarked 5 days before the election (though you have to postmark the ballot itself by the day before, so don't wait this long!).",
        "in_person_instructions":"You can vote early from 9 to 2 days before the election at an <a href='https://voterlookup.elections.ny.gov/'>early vote locations</a>. You can also ask your <a href='https://www.elections.ny.gov/CountyBoards.html'>county board of elections</a> about places and times to early vote.",
        "ballot_delivery": "Postmarked the day before the election. It can also be delivered by hand by someone else on Election Day.",
        "requirements":"<p>You don't need a reason to vote early in person. You can vote absentee by mail if you're:</p><ul><li>Away from home on Election Day</li><li>Ill or physically incapable of getting to the polls</li><li>Caring for someone who is ill or incapable of getting to the polls</li><li>A resident or patient of the Veterans Health Administration Hospital</li> <li>Incarcerated but not convincted of a felony</li></ul>",
        "source": "https://voterlookup.elections.ny.gov/" ,
        "span_app": "<a href='https://www.elections.ny.gov/NYSBOE/download/voting/AbsenteeBallot-Spanish.pdf'>Solicitud para votar en ausencia</a>.",
        "last_checked": "2020-03-27"
    },

    "Ohio": {
        "mail_title": "Still researching this",
        "in_person_title": "Vote early in person",
        "mail_instructions": "Fill out an <a href='https://www.ohiosos.gov/publications/#abr'>absentee ballot request</a> and send it to your <a href='https://www.ohiosos.gov/elections/elections-officials/county-boards-of-elections-directory/'>county board of elections to vote early</a>.",
        "mail_request_deadline": "3 days before the election.",
        "in_person_instructions":"As soon as voter registration is over (see deadlines above!), you can go to your <a href='https://www.ohiosos.gov/elections/elections-officials/county-boards-of-elections-directory/'>county board of elections to vote early</a>.",
        "ballot_delivery": "Return your ballot to your board of elections by 7:30 p.m. on Election Day or make sure it's postmarked the day before Election Day.",
        "requirements":"None (except that you're registered).",
        "source": "https://www.ohiosos.gov/elections/voters/absentee-voting",
        "span_app": "",
        "last_checked":"2020-03-27"
    },

    "Oklahoma":
    {
        "mail_title": "Vote early by mail",
        "in_person_title": "Vote early in person",
        "mail_instructions": "<p><a href='https://www.ok.gov/elections/OVP.html'>Apply online to vote absentee </a> or download <a href='https://www.ok.gov/elections/documents/Oklahoma%20Absentee%20Ballot%20Application%20-%20fillable.pdf'>a ballot request form</a> and send it to your <a href='https://www.ok.gov/elections/About_Us/County_Election_Boards/index.html'>County Board of Elections</a>. You can also just write a letter. Include your name, date of birth, address you're registered at, mailing address, election you're registering for, and either a signature or copy of your ID.</p><p>For either method: You'll need to get your signature notarized or include a copy of your ID.</p>",
        "mail_request_deadline": "5 p.m. on the Wednesday before the election. Don't forget to include a notarized signature or attach a copy of your ID.",
        "in_person_instructions":"You can vote early at your <a href='https://www.ok.gov/elections/About_Us/County_Election_Boards/index.html'>County Board of Elections</a> on the Thursday and Friday before elections from 8 a.m. to 6 p.m. For state and national elections, you can also vote on Saturday from 9 a.m. to 2 p.m.",
        "ballot_delivery": "7 p.m. on Election Day.",
        "requirements":"None (except that you're registered).",
        "source": "https://www.ok.gov/elections/Voter_Info/Absentee_Voting/index.html",
        "span_app": "",
        "last_checked":"2020-03-27"        

    },

    "Oregon":
    {
        "mail_title": "Vote by mail",
        "in_person_title": "Vote early in person",
        "mail_instructions": "If you're registered, you'll get a ballot 2-3 weeks before the election. Mail it to a <a href='https://sos.oregon.gov/voting/Pages/drop-box-locator.aspx'>ballot drop box location</a> anywhere in the state</a>.",
        "mail_request_deadline": "You don't need to request a mail ballot in Oregon. They'll send you one as long as you're registered.",
        "in_person_instructions":"You'll get a ballot 2-3 weeks before the election. Take it to a <a href='https://sos.oregon.gov/voting/Pages/drop-box-locator.aspx'>ballot drop box location</a>.",
        "ballot_delivery": "8 p.m. on Election Day",
        "requirements":"If for some reason you're not able to pick up your ballot, you can still <a href='https://secure.sos.state.or.us/orestar/vr/showVoterSearch.do?lang=eng&source=SOS'>request an absentee ballot online</a>, or download the <a href='https://sos.oregon.gov/elections/Documents/SEL111.pdf'>ballot request form</a> and return it to your <a href='https://sos.oregon.gov/elections/Pages/countyofficials.aspx'>elections office</a>. ",
        "source": "https://sos.oregon.gov/voting/pages/voteinor.aspx",
        "span_app": "",
        "last_checked": "2020-03-27"
    },
   
    "Pennsylvania":
    {
        "mail_title": "Vote by mail",
        "in_person_title": "Vote absentee in person",
        "mail_instructions": "<a href='https://www.pavoterservices.pa.gov/OnlineAbsenteeApplication/#/OnlineAbsenteeBegin'>Apply online </a>for an absentee ballot. You can also download an <a href='https://www.votespa.com/Register-to-Vote/Documents/PADOS_MailInApplication.pdf'>absentee ballot request form</a>, fill it out, and send it to your <a href='https://www.votespa.com/Resources/Pages/Contact-Your-Election-Officials.aspx'>county elections office</a>.",
        "mail_request_deadline": "7 days before the election.",
        "in_person_instructions":"You can apply to vote absentee in person at your <a href='https://www.votespa.com/Resources/Pages/Contact-Your-Election-Officials.aspx'>county elections office</a>.",
        "ballot_delivery": "8 p.m. on Election Day.",
        "requirements":"<p>You can vote by mail if you're registered. You can vote absentee in person if you're:</p> <ul><li>Away for school, work, or vacation</li> <li>Physically incapable of getting the polls</li> <li>Celebrating a religious occasion that prevents you from voting on Election Day</li> <li>Incarcerated but not convicted of a felony</li></ul>",
        "source": "https://www.votespa.com/Voting-in-PA/Pages/Mail-and-Absentee-Ballot.aspx",
        "span_app": "https://www.votespa.com/Register-to-Vote/Documents/PADOS_MailInApplication_Spanish.pdf",
        "last_checked": "2020-03-28"
        
    },

    "Rhode Island":
    {
        "mail_title": "Vote by mail",
        "in_person_title": "Vote absentee in person",
        "mail_instructions": "Download a <a href='https://vote.sos.ri.gov/DataInformation/Publications'>mail ballot application</a> (RI's Secretary of State will post the right form before each election) and send it to your <a href='https://elections.ri.gov/canvassers/index.php'>Board of Canvassers</a>. <b>Note: </b>You'll send the ballot itself to the <a href='https://elections.ri.gov/contact/'>Board of Elections</a>.",
        "mail_request_deadline": "21 days before the election.",
        "in_person_instructions":"Download a <a href='https://vote.sos.ri.gov/DataInformation/Publications'>mail ballot application</a> and send/deliver it to your <a href='https://elections.ri.gov/canvassers/index.php'>Board of Canvassers</a>. Then, deliver your filled-out ballot to the <a href='https://elections.ri.gov/contact/'>Board of Elections</a>.",
        "ballot_delivery": "8 p.m. on Election Day.",
        "requirements":"None (except that you're registered)",
        "source": "https://vote.sos.ri.gov/Voter/VotebyMail",
        "span_app": "",
        "last_checked":"2020-03-28"
    },

    "South Carolina":
    {
        "mail_title": "Vote absentee by mail",
        "in_person_title": "Vote absentee in person",
        "mail_instructions": "Fill out an <a href='https://info.scvotes.sc.gov/eng/voterinquiry/VoterInformationRequest.aspx?PageMode=AbsenteeRequest'>online absentee ballot request</a> or ask your <a href='https://www.scvotes.org/how-register-absentee-voting'>county voter registration office</a> to email/send you one. Fill it out and email/fax/send it back to your county office.",
        "mail_request_deadline": "4 days before the election.",
        "in_person_instructions":"Same as by mail: Fill out an <a href='https://info.scvotes.sc.gov/eng/voterinquiry/VoterInformationRequest.aspx?PageMode=AbsenteeRequest'>online absentee ballot request</a> or ask your <a href='https://www.scvotes.org/how-register-absentee-voting'>county voter registration office</a> to email/send you one. Then, deliver it to your county office.",
        "ballot_delivery": "Your <a href='https://www.scvotes.org/how-register-absentee-voting'>county elections office </a> needs to receive your ballot by 7 p.m. on Election Day.",
        "requirements":"You can vote absentee if you're: <ul><li>Living outside the county you're registered in</li> <li>Physically incapable of getting to the polls</li><li>Caring for someone who's ill or immobilized</li><li>Working on Election Day and can't get to the polls</li><li>Temporarily away from home (e.g. on vacation)  on Election Day</li><li>On jury duty</li><li>Grieving a family member's passing away within 3 days of the election</li> <li>Incarcerated but not convicted</li><li>65 years old or older</li><li>Celebrating a religious occasion that prevents you from voting</li></ul>",
        "source": "https://www.scvotes.org/absentee-voting",
        "span_app": "",
        "last_checked": "2020-03-28"
    },

    "South Dakota":
    {
        "mail_title": "Vote absentee by mail",
        "in_person_title": "Vote absentee in person",
        "mail_instructions": "Request or fill out an <a href='https://sdsos.gov/elections-voting/assets/AbsenteeBallotApplicationFillable.pdf'>absentee ballot application</a> and send it to your <a href='https://vip.sdsos.gov/CountyAuditors.aspx'>county election official</a>.",
        "mail_request_deadline": "Your <a href='https://vip.sdsos.gov/CountyAuditors.aspx'>county election official</a> must receive your application by 5 p.m. the day before the election.",
        "in_person_instructions":"You'll <a href='https://vip.sdsos.gov/CountyAuditors.aspx'>request a ballot by mail</a> or <a href='https://sdsos.gov/elections-voting/assets/AbsenteeBallotApplicationFillable.pdf'>fill out a ballot online</a>. Then, you can deliver it to your county election official during <a href='<a href='https://sdsos.gov/elections-voting/upcoming-elections/general-information/2020-Election-Information.aspx'>the absentee voting period</a> (which begins about 45 days before each election).",
        "ballot_delivery": "By Election Day.",
        "requirements":"None (except that you're registered).",
        "source": "https://sdsos.gov/elections-voting/voting/absentee-voting.aspx",
        "span_app": "",
        "last_checked": "2020-03-28"
    },

    "Tennessee":
    {
        "mail_title": "Vote early by mail (if you meet certain requirements)",
        "in_person_title": "Vote early in person",
        "mail_instructions": "<p>Request an mail ballot from you <a href='http://tnsos.org/elections/election_commissions.php'>county election commission</a>. You can fill out the <a href='https://sos-tn-gov-files.s3.amazonaws.com/5%20Request%20for%20Absentee%20Ballot.pdf'>online form</a>, or you can write a letter with the following information:</p> <ul><li>Name</li><li>Address you're registered at</li><li>Your social security number</li> <li>Your date of birth</li><li>Mailing address </li><li>The election you want to vote absentee by mail in</li><li>If the election is a primary: Which political party's primary you want to participate in</li><li>Reason for voting by mail (see requirements)</li> <li>Yout signature</li></ul>",
        "mail_request_deadline": "7 days before the election",
        "in_person_instructions":"Get in touch with your <a href='http://tnsos.org/elections/election_commissions.php'>county election commission</a> and find out when and where you can vote early in person. The early voting period is usually from 20 to 5 days before an election.",
        "ballot_delivery": "By the time polls close on Election Day.",
        "requirements":"<p>You can vote by mail if you're:</p> <ul><li>Away from the county you're registered in during the early voting period and all day on Election Day (e.g. for school, work, etc.)</li><li>Your doctor <a href='http://sharetngov.tnsosfiles.com/sos/election/forms/ss-3023.pdf'>files a statement</a> with the county election commission at least 7 days before the election that says you're physically incapable of in-person voting</li><li>Physically incapable of getting to the polls (note: TN lists this and the previous item separately. It's not clear if they should actually be the same, or if the difference is people who are temporarily immobilized vs. always immobilized. If you think either might apply to you, check with your county election commission.)<li>Caring for someone who is ill or physically incapable of getting to the polls</li><li>You live outside the county you're registered in</li><li>On jury duty</li><li>60 years old or older</li> <li>Running for office in the election</li><li>Celebrating a religious occasion that prevents you from voting in person during early voting or on Election Day</li></ul>",
        "source": "https://sos.tn.gov/products/elections/absentee-voting",
        "span_app": "",
        "last_checked":"2020-03-28"
    },
    "Texas":
    {
        "mail_title": "Vote absentee by mail",
        "in_person_title": "Vote early in person",
        "mail_instructions": "Fill out <a href='https://webservices.sos.state.tx.us/forms/5-15f.pdf'>an absentee ballot request form</a> or <a href='https://webservices.sos.state.tx.us/vrrequest/bbm.asp'>complete a request online</a> and send it back to your <a href='https://www.sos.texas.gov/elections/voter/county.shtml'>county clerk or elections official</a>.",
        "mail_request_deadline": "11 days before the election.",
        "in_person_instructions":"You can usually vote early in person from 24 to 4 days before the election. You can <a href='https://teamrv-mvp.sos.texas.gov/MVP/mvp.do'>find early voting locations on Texas's state website</a>.",
        "ballot_delivery": "By 7 p.m. on Election Day.",
        "requirements":"<p>You can vote absentee by mail if you're</p> <ul><li>65 years or older</li><li>Physically incapable of getting to the polls</li><li>Away from home</li><li>Incarcerated not convicted of a felony</li></ul> ",
        "source": "https://www.sos.texas.gov/elections/voter/reqabbm.shtml",
        "span_app": "<a href=''>Solicitud para votar en ausencia</a>.",
        "last_checked":"2020-03-28"
    },

    "Utah":
    {
        "mail_title": "Vote early by mail",
        "in_person_title": "Vote early in person",
        "mail_instructions": "<a href='https://secure.utah.gov/voterreg/login.html?selection=VOTE_BY_MAIL'>Request a mail ballot online</a> or <a href='https://voteinfo.utah.gov/wp-content/uploads/sites/42/2019/11/Absentee-Ballot-Application.pdf'>download the request form</a> and mail it to <a href='https://voteinfo.utah.gov/county-clerk-contact-information'>your county clerk</a>.",
        "mail_request_deadline": "7 days before the election.",
        "in_person_instructions":"You can vote early, usually starting 2 weeks before the election. <a href='https://votesearch.utah.gov/voter-search/search/search-by-address/how-and-where-can-i-vote'>Here's an online tool to find locations and dates</a>.",
        "ballot_delivery": "Postmarked the day before the election. You can also drop it off in person at a polling location, clerk's office, or a ballot drop box.",
        "requirements":"None (except that you're registered).",
        "source": "https://ssl.utahcounty.gov/dept/clerkaud/elections/Absentee.asp",
        "span_app": "<a href=''>Solicitud para votar en ausencia</a>.",
        "last_checked":"2020-03-18"
    },

    "Virginia":
    {
        "mail_title": "Vote early by mail",
        "in_person_title": "Vote early in person",
        "mail_instructions": "You can <a href='https://vote.elections.virginia.gov/VoterInformation'>apply online for an absentee ballot</a>, or you can <a href='https://www.elections.virginia.gov/media/formswarehouse/absentee-voting/applications/SBE-701-Absentee-Ballot-Application-Rev7-17-long.pdf'>download the form</a> and send it to your <a href='https://vote.elections.virginia.gov/VoterInformation/PublicContactLookup'>local registrar</a>.",
        "mail_request_deadline": "Return your ballot request by 5 p.m. the Tuesday before the election by mail, fax, or email. If you miss this deadline, you can still go in person to apply and vote until the Saturday before the election.",
        "in_person_instructions":"Starting 45 days before the election, you can go to your <a href='https://vote.elections.virginia.gov/VoterInformation/PublicContactLookup'>local registrar</a> and vote. It's a good idea to <a href='https://www.elections.virginia.gov/media/formswarehouse/absentee-voting/applications/SBE-701-Absentee-Ballot-Application-Rev7-17-long.pdf'>review the ballot application</a> before you get there make sure you have everything you need.",
        "ballot_delivery": "We couldn't find a deadline. Aim to mail your absentee ballot back for before Election Day, or vote in-person absentee.",
        "requirements":"If you're a first-time voter, you'll have to <a href='https://www.elections.virginia.gov/casting-a-ballot/absentee-voting/'>give a reason to absentee vote</a>. These include illness, being away at school, pregnancy, temporarily living out of the U.S., you or your spouse is an active duty service member, you're confined awaiting trial, or you're 65 years old or more.",
        "source": "https://www.elections.virginia.gov/casting-a-ballot/absentee-voting/",
        "span_app": "<a href='https://www.elections.virginia.gov/media/formswarehouse/absentee-voting/applications/absenteeballotapplication-espanol.pdf'>Solicitud para votar en ausencia</a>.",
        "last_checked": "2020-03-16"
    },
    
    "Vermont":
    {
        "mail_title": "Vote early by mail",
        "in_person_title": "Vote early in person",
        "mail_instructions": "<a href='http://mvp.sec.state.vt.us/'>Request an early ballot online</a> or <a href='https://sos.vermont.gov/media/3opimqn2/vtabsenteerequestgeneric.pdf'>download the request form</a> and send it to <a href='https://sos.vermont.gov/media/vh1jv3oj/2019townclerkguide.pdf'>your town clerk</a>.",
        "mail_request_deadline": "The day before the election.",
        "in_person_instructions":"Same as by mail: <a href='http://mvp.sec.state.vt.us/'>Request an early ballot online</a> or <a href='https://sos.vermont.gov/media/3opimqn2/vtabsenteerequestgeneric.pdf'>download the request form</a> and take it to <a href='https://sos.vermont.gov/media/vh1jv3oj/2019townclerkguide.pdf'>your town clerk</a>.",
        "ballot_delivery": "The day before the election (or to the polling place on Election Day).",
        "requirements":"None (except that you're registered).",
        "source": "https://sos.vermont.gov/elections/voters/early-absentee-voting/",
        "span_app": "<a href=''>Solicitud para votar en ausencia</a>.",
        "last_checked":"2020-03-18"
    },
    
    "Washington":
    {
        "mail_title": "Vote by mail",
        "in_person_title": "In-person voting",
        "mail_instructions": "Every voter receives a mail ballot sent to the mailing address they listed when they registered.",
        "mail_request_deadline": "You don't need to request a by-mail ballot in WA. They'll send one as long as you're registered.",
        "in_person_instructions":"If you'd rather vote in person, you can go to a <a href='https://www.sos.wa.gov/_assets/elections/voting%20centers%202019%20general%20election.pdf'>voting center</a> or to your <a href='https://www.sos.wa.gov/elections/auditors.aspx'>county's elections department</a>.",
        "ballot_delivery": "Postmark your ballot or return it to a ballot dropbox by Election Day.",
        "requirements":"None (except that you're registered).",
        "source": "https://www.sos.wa.gov/elections/faq_vote_by_mail.aspx",
        "span_app": "<a href=''>Solicitud para votar en ausencia</a>.",
        "last_checked":"2020-03-18"
    },

    "Washington, D.C.": 
    {
        "mail_title": "Vote early by mail",
        "in_person_title": "Vote early in person",
        "mail_instructions": "Download an <a href='https://www.dcboe.org/getattachment/Voters/How-to-Vote/Voter-Assistance/AbsenteeBallotAppRevised_12018.pdf.aspx?lang=en-US'>absentee ballot request application</a> and send it to the <a href='https://www.dcboe.org/Contact'>D.C. Board of Elections</a>.",
        "mail_request_deadline": "Contact the <a href='https://www.dcboe.org/Contact'>D.C. Board of Elections</a> to find out when the request deadline is.",
        "in_person_instructions":"You can vote at an Early Voting Center",
        "ballot_delivery": "8 p.m. on Election Day.",
        "requirements":"None (except that you're registered).",
        "source": "https://www.dcboe.org/Voters/How-to-Vote/Voter-Assistance",
        "span_app": "<a href=''>Solicitud para votar en ausencia</a>.",
        "last_checked": "2020-03-16"
    },

    "Wisconsin": 
    {
        "mail_title": "Vote early by mail",
        "in_person_title": "Vote early in person",
        "mail_instructions": "You can <a href='http://www.myvote.wi.gov/'>request an absentee ballot online</a>, or you can download <a href='https://elections.wi.gov/forms/el-121-english'>a ballot request form</a> and return it to <a href='https://myvote.wi.gov/en-us/MyMunicipalClerk'>your municipal clerk</a>.",
        "mail_request_deadline": "5 p.m. on the Thursday before the election.",
        "in_person_instructions":"In-person early voting is different town-by-town in WI. Contact <a href='https://myvote.wi.gov/en-us/MyMunicipalClerk'>your municipal clerk</a> to learn about places/times near you.",
        "ballot_delivery": "Received by 8 p.m. on Election Day.",
        "requirements":"None (except that you're registered).",
        "source": "https://elections.wi.gov/voters/absentee",
        "span_app": "<a href=''>Solicitud para votar en ausencia</a>.",
        "last_checked":"2020-03-16"
    },

    "West Virginia": 
    {
        "mail_title": "Vote absentee by mail",
        "in_person_title": "Vote early in person",
        "mail_instructions": "Send an <a href='https://sos.wv.gov/FormSearch/Elections/Voter/Absentee%20Ballot%20Application.pdf'>absentee ballot application</a> to the office of <a href='https://sos.wv.gov/elections/Pages/CountyClerkDirectory.aspx'>your county clerk</a>.",
        "mail_request_deadline": "6 days before the election.",
        "in_person_instructions":"<a href='https://sos.wv.gov/elections/Pages/GoVoteWV.aspx'>According to WV's Secretary of State</a>, you can vote early in person between the 13th and 3rd days before the election at \"the county courthouse, annex or designated community voting location\".",
        "ballot_delivery": "Postmarked by Election Day.",
        "requirements":"<p>You can vote absentee if WV if you're</p> <ul><li>Ill or injured</li> <li>Elderly</li> <li>Incarcerated but not convicted of a felony</li> <li>Away from home, e.g. for work or school</li><li>Living outside the county where you're registered to vote</li></ul>",
        "source": "https://sos.wv.gov/elections/Pages/AbsenteeVotingInformation.aspx",
        "span_app": "",
        "last_checked": "2020-03-17"

    },

    "Wyoming": 
    {
        "mail_title": "Vote early by mail",
        "in_person_title": "Vote early in person",
        "mail_instructions": "Request an absentee ballot from <a href='https://soswy.state.wy.us/Elections/Docs/WYCountyClerks.pdf'>your county clerk</a>.",
        "mail_request_deadline": "We couldn't find a deadline, but make sure there's enought time for your clerk to send you a ballot and for you to return it by the deadline (Election Day).",
        "in_person_instructions":"Same as by mail: Request an absentee ballot from <a href='https://soswy.state.wy.us/Elections/Docs/WYCountyClerks.pdf'>your county clerk</a>.",
        "ballot_delivery": "7 p.m. on Election Day.",
        "requirements":"None (except that you're registered).",
        "source": "https://soswy.state.wy.us/Elections/AbsenteeVoting.aspx",
        "span_app": "",
        "last_checked": "2020-03-17"

    }
}
   