
{
   "Alaska": 
    {
        "1": "If you're afraid of contracting or spreading coronavirus, you should vote by mail.",
        "2": "Voters over 65 years old will automatically be sent a vote-by-mail application."
    },
    
    "Alabama": 
    {
        "1": "If you're afraid of contracting or spreading coronavirus, you should vote by mail."
    },
    
    "Arkansas":
    {  
        "1": "If you're afraid of contracting or spreading coronavirus, you should vote by mail."
    },

    "Arizona": 
    {
        "1":"If you're afraid of contracting or spreading coronavirus, you should vote by mail."
     
    },

    "California": 
    {
        "1":"If you're afraid of contracting or spreading coronavirus, you should vote by mail."
    },

    "Colorado": 
    {
        "1": "Most voters in Colorado vote by mail or dropbox--and this is an especially good idea if you're afraid of contracting or spreading coronavirus."
    },

    "Connecticut": 
    {
       "1": "Connecticut extended absentee voting during the August 2020 primaries, and all indications are that this will apply in the Novemember 2020 general electon, too (last updated: August 16, 2020).",
       "2":"If you're afraid of contracting or spreading coronavirus, you should vote absentee."
    },

    "Delaware":
    {
        "1":"If you're afraid of contracting or spreading coronavirus, you should vote absentee."
    },

    "Florida":
    {
        "1": "We haven't found much guidance from Florida yet, but if you're afraid of contracting or spreading coronavirus, you should vote by mail."
    },

    
    "Georgia":
    {
        "1": "Georgia is encouraging residents to register online or by mail, and to apply for mail-in absentee ballots."
    },
   
    "Hawaii":
    {
        "1":"If you're afraid of contracting or spreading coronavirus, you should bote by mail."
    },

    "Iowa":
    {
        "1":"If you're afraid of contracting or spreading coronavirus, you should vote absentee.",
        "2":"In May's primary, many counties reduced the number of polling locations they offered. Check the Secretary of State's website to find yours."
    },

    "Idaho":
    {
        "1": "If you're afraid of contracting or spreading coronavirus, you should vote by mail." ,
        "2": "Idaho had a mail-only primary in May, though it doesn't look like they'll be doing this again in November. Don't expect to be sent a mail-in ballot."
    },
    
    "Illinois":
    {
        "1": "If you're afraid of contracting or spreading coronavirus, you should vote by mail."
    },

    "Indiana":
    {
        "1": "If you're afraid of contracting or spreading coronavirus, you should vote by mail or by 'Traveling Board': https://www.in.gov/idr/2782.htm"
    },

    "Kansas":
    {
       "1": "If you're afraid of contracting or spreading coronavirus, you should vote by mail." 
    },

    "Kentucky":
    {
        "1": "Kentucky has made it easier to vote absentee. If you're afraid of contracting or spreading coronavirus, you should vote by mail-in ballot."
    },   

    "Louisiana":
    {
       "1": "During the primaries, Louisiana made it possible to vote absentee if you were concerned about contracting or spreading coronavirus. It's not clear if they'll do this again for the general election in November  (last updated: Aug. 15, 2020)."
    },

    "Massachusetts":
    {
        "1":"MA passed a new law that allows every registered voter to vote by mail. In fact, if you registered by July 1, 2020, the Secretary of State will send you a ballot."
    },

    "Maryland":
    {
        "1": "MD hasn't made any official changes for the November presidential election. However, its June primary was mostly vote-by-mail. Registered voters received ballots and pre-paid postage envelopes."
    },

    "Michigan":
    {
        "1": "If you're afraid of contracting or spreading coronavirus, you should vote by mail." 
 
    },
    
    "Minnesota": 
    {
        "1": "Minnesota is encouraging residents who are afraid of contracting or spreading coronavirus to vote by mail.", 
        "2": "Minnesota's Secretary of State has also advised polling locations to follow social distancing guidelines, increase curbside voting, and regularly sanitize equipment."
    },

    "Montana":
    {
        "1": "Montana's governor is allowing counties to hold all-mail elections in November. Check with your county elections office to find out if they'll be taking advantage of this order.",
        "2": "If you're afraid of contracting or spreading coronavirus, you should vote by mail."
    },

    "Mississippi":
    {
        "1": "Hours for in-person voting have been extended.",
        "2": "Quarantining or caring for someone who is quarantining are valid reasons to vote bsentee."
    },

    "Missouri":
    {
        "1": "If you've contracted coronavirus, or if you're in an at-risk category, you should vote by mail. At-risk categories include being 65+ years old; living in a long-term care facility; having asthma,kidney, liver, lung disease, diabetes, or a heart condition; having some condition that makes you immunocompromised."
    },

    "North Carolina":
    {
        "1":"If you're afraid of contracting or spreading coronavirus, you should vote by mail." 
    },

    "North Dakota":
    {
        "1":"North Dakota held its June primary by mail: All registered voters were sent a mail-in ballot.",
        "2": "They haven't yet said if they're planning the same for the November general election."
    },

    "New Hampshire": {
        "1": "New Hampshire is permitting anyone who's afraid of contracting or spreading coronavirus to vote by mail."
    },

    "Nebraska":
    {
      "1":"If you're afraid of contracting or spreading coronavirus, you should vote by mail." 
    },

    "New Jersey":
    {
        "1":"New Jersey held a vote-by-mail primary in July: All registered voters were sent a vote by mail-in ballot application.",
        "2": "If you're afraid of contracting or spreading coronavirus, you should vote by mail." 
    },


    "New Mexico":
    {
    "1":"In the June primary, New Mexico voters were asked to vote exclusively by mail. It seems possible that the November general will be, too."
        
    },


    "Nevada":
    {        
       "1": "In August, Nevada's state government passed a law that requires every registered voter to be sent a mail ballot application. This means Nevada's elections will be primarily by mail."
    },

    "New York":
    {
        "1":"A new executive order says that fear of spreading or contracting coronavirus counts as a reason to vote by mail."
    },

    "Ohio": 
    {
        "1":"If you're afraid of contracting or spreading coronavirus, you should vote by mail." 
    },


    "Oklahoma":
    {
     "1":"If you're afraid of contracting or spreading coronavirus, you should vote by mail.", 
     "2": "A new law passed by the Oklahoma state government makes it a little easier to verify your identity. Now, instead of a notarized signature, you can attach a copy of your ID to your mail-in ballot."  
    },

    "Oregon":
    {
        "1": "Nothing major: Oregon is a vote-by-mail state, which means its voting system is less at risk from COVID-19."

    },
   
    "Pennsylvania":
    {
        "1":"If you're afraid of contracting or spreading coronavirus, you should vote by mail."
  
    },

    "Rhode Island":
    {
        "1":"If you're afraid of contracting or spreading coronavirus, you should vote by mail."
    },

    "South Carolina":
    {
        "1": "While South Carolina allowed anyone who wanted to to vote by mail during its June primaries, it did not extend those changes to the November general election. See below for who is allowed to vote by mail (LAST UPDATED: AUG. 12, 2020)",
        "2": "In-person voting will be 'touchless,' e.g. you'll hold up your ID instead of handing it to someone. However, there is no requirement that voters wear masks to the polls."
    },

    "South Dakota":
    {
        "1": "South Dakota mailed absentee ballot applications to all registered voters for its June primary. It's unclear if they'll do the same in November.",
        "2": "That said, South Dakota does not restrict who can voter absentee, so if you're afraid of contracting or spreading coronavirus, you should vote by mail in November."
    },

    "Tennessee":
    {   
        "1":"Tennesee tried to make it easier to vote by mail to avoid spreading coronavirus, but its Supreme Court reversed the decision.",
        "2": "As a result, not wanting to spread coronavirus is not a valid reason to vote by mail. The only new reason is having a pre-existing condition that makes you more likely to contract coronavirus. If that's the case, you can check the \"hospitalized or ill\" box on your ballot application.",
        "3": "There is also no mask requirement for in-person voting."
    },

    "Texas":
    {   
        "1":"Texas has lengthened the early-voting period for the November election by a week. You can now vote early in person starting October 13.",
        "2":"There is no mask requirement for in-person voting."
    },

    "Utah":
    {
        "1":"Utah conducted its primaries by mail in summer 2020 and had drop boxes for ballots open until 8 p.m. on election day.",
        "2": "At the time of writing (Aug. 13, 2020), they have not said whether they'd make the same changes for the November elections, though it seems likely if the risk of getting COVID-19 is still very high."
    },

    "Virginia":
    {
        "1": "If you're afraid of contracting or spreading coronavirus, you should vote early in person or by mail.",
        "2": "If it's your first time voting, you'll need a reason to give a reason to vote by mail (see below)."
    },
    
    "Vermont":
    {
        "1": "If you're afraid of contracting or spreading coronavirus, you should vote by mail.",
        "2": "Vermont has also made a number of other changes to protect voters, including allowing voting to be held outside, drive through voting, and requiring masks at polling places."
    },

    
    "Washington":
    {
        "1": "Nothing major: Washington is a vote-by-mail state, which means its voting system is less at risk from COVID-19."
    },

    "Washington, D.C.": 
    {
       "1": "All registered voters will be sent a mail-in ballot."
    },



    "Wisconsin": 
    {
        "1":"If you're afraid of contracting or spreading coronavirus, you should vote by mail.",
        "2": "If you're voting in person, be aware that Wisconsin highly encourages, but does not require, masks at your polling place."
    },

    "West Virginia": 
    {
        "1": "The Secretary of State's office has announced that being afraid to spread or contract coronavirus counts as a reason to vote absentee by mail."
    },
    
    "Wyoming": 
    {
        "1":"If you're afraid of contracting or spreading coronavirus, you should vote by mail."
    }
    
}

