{ 
    "democratic primary":
    {  
        "Alaska": 
        {
            "inPerson":"March 5, 2020", 
            "byMail":"March 5, 2020", 
            "online":"March 5, 2020",
            "status":"unverified",
            "onlineRegistration": "https://voterregistration.alaska.gov/"
        },

        "Alabama": 
        {
            "inPerson":"February 4, 2020", 
            "byMail":"February 17, 2020", 
            "online":"February 17, 2020",
            "status":"unverified",
            "onlineRegistration":"https://www.alabamainteractive.org/sos/voter_registration/voterRegistrationWelcome.action"
        },
        "Arkansas":
        {
            "inPerson":"February 3, 2020", 
            "byMail":"February 3, 2020", 
            "online":"You can't in AR.",
            "status":"https://www.sos.arkansas.gov/elections",
            "onlineRegistration": ""
        },
        "Arizona": 
        {
            "inPerson":"July 6, 2020",
            "byMail":"July 6, 2020",
            "online":"July 6, 2020",
            "status":"https://azsos.gov/elections/elections-calendar-upcoming-events",
            "onlineRegistration":"https://servicearizona.com/webapp/evoter/selectLanguage"
        },

        "California": 
        {
            "inPerson":"Anytime", 
            "byMail":"February 18, 2020", 
            "online":"February 18, 2020",
            "status":"https://www.sos.ca.gov/elections/voting-resources/voting-california/election-dates-and-resources/",
            "notes":"If you miss the main registration deadline, you can still register in person.",
            "onlineRegistration":"https://registertovote.ca.gov/"
        },

        "Colorado": 
        {
            "inPerson":"Anytime", 
            "byMail":"February 25, 2020", 
            "online":"February 25, 2020",
            "status":"https://www.sos.state.co.us/pubs/elections/calendars/2020ElectionCalendar.pdf",
            "notes":"If you miss the main registration deadline, you can still register in person.",
            "onlineRegistration":"https://www.sos.state.co.us/voter/pages/pub/olvr/verifyNewVoter.xhtml"

        },

        "Connecticut": 
        {
            "inPerson":"April 27, 2020", 
            "byMail":"Postmarked by April 23, 2020", 
            "online":"April 23, 2020",
            "status":"https://portal.ct.gov/SOTS/Election-Services/Registration-Deadlines/Registration-Deadlines",
            "onlineRegistration":"https://voterregistration.ct.gov/OLVR/welcome.do"
        },
        "Delaware":
        {
            "inPerson":"April 4, 2020", 
            "byMail":"April 4, 2020", 
            "online":"April 4, 2020",
            "status":"https://elections.delaware.gov/calendar/2020ElectionCalendar.pdf",
            "onlineRegistration":"https://ivote.de.gov/voterview"
        },
        "Florida":
        {
            "inPerson":"February 18, 2020", 
            "byMail":"February 18, 2020", 
            "online":"February 18, 2020",
            "status":"https://dos.myflorida.com/elections/for-voters/election-dates/",
            "onlineRegistration":"https://registertovoteflorida.gov/"
        },

        "Georgia":
        {
            "inPerson":"February 24, 2020", 
            "byMail":"February 24, 2020", 
            "online":"February 24, 2020",
            "status":"https://sos.ga.gov/admin/files/2020_Short_Calendar.pdf",
            "onlineRegistration":"https://registertovote.sos.ga.gov/GAOLVR/welcome.do#no-back-button"
        },

        "Hawaii":
        {
            "inPerson":"March 5, 2020", 
            "byMail":"March 5, 2020", 
            "online":"March 5, 2020",
            "status":"unverified",
            "notes": "HI is 1 of 3 states with a \"Presidential preference primary.\"",
            "onlineRegistration":"https://olvr.hawaii.gov/"
        },

        "Iowa":
        {
            "inPerson":"Anytime", 
            "byMail":"January 19, 2020", 
            "online":"January 24, 2020",
            "status":"unverified",
            "notes": "IA is one of 2 states that hold caucuses instead of primary elections",
            "onlineRegistration":"https://mymvd.iowadot.gov/Account/Login?ReturnUrl=%2fVoterRegistration"
        },

        "Idaho":
        {
            "inPerson":"Anytime", 
            "byMail":"Received by February 14, 2020", 
            "online":"February 14, 2020",
            "status":"https://sos.idaho.gov/election-calendars/",
            "onlineRegistration":"https://apps.idahovotes.gov/OnlineVoterRegistration/"
        },
        
        "Illinois":
        {
            "inPerson":"Anytime", 
            "byMail":"February 18, 2020", 
            "online":"March 1, 2020",
            "status":"https://www.elections.il.gov/Default.aspxf",
            "onlineRegistration":"https://ova.elections.il.gov/RegistrationClosed.aspx"
        },

        "Indiana":
        {
            "inPerson":"April 6, 2020", 
            "byMail":"April 6, 2020", 
            "online":"April 6, 2020",
            "status":"https://www.in.gov/sos/elections/2403.htm",
            "onlineRegistration":"https://indianavoters.in.gov/"
        },

        "Kansas":
        {
            "inPerson":"Anytime", 
            "byMail":"Request a mail-in ballot by April 17, 2020", 
            "online":"We're not sure. Check the <a href='https://kansasdems.org/2020primary'>KS Democratic Party site</a>.",
            "status":"https://kansasdems.org/2020primary",
            "onlineRegistration":"https://www.kdor.ks.gov/apps/voterreg/secure/default.aspx"
        },

        "Kentucky":
        {
            "inPerson":"April 20, 2020", 
            "byMail":"April 20, 2020", 
            "online":"April 20, 2020",
            "status":"https://elect.ky.gov/Resources/Documents/2020%20Election%20Calendar%20Edited.pdf",
            "onlineRegistration":"https://vrsws.sos.ky.gov/ovrweb/"
        },   

        "Louisiana":
        {
            "inPerson":"March 4, 2020", 
            "byMail":"March 4, 2020", 
            "online":"March 14, 2020",
            "status":"https://www.sos.la.gov/ElectionsAndVoting/GetElectionInformation/Pages/default.aspx",
            "notes":"LA is 1 of 3 states with a 'Presidential preference primary.'",
            "onlineRegistration":"https://voterportal.sos.la.gov/VoterRegistration"
        },

        "Massachusetts":
        {
            "inPerson":"February 12, 2020", 
            "byMail":"February 12, 2020", 
            "online":"February 12, 2020",
            "status":"https://www.sec.state.ma.us/CalendarWeb/Pages/MonthWeekCalendar.aspx",
            "onlineRegistration":"https://www.sec.state.ma.us/ovr/"
        },

        "Maryland":
        {
            "inPerson":"Anytime", 
            "byMail":"April 7, 2020", 
            "online":"April 7, 2020",
            "status":"https://elections.maryland.gov/voter_registration/index.html",
            "onlineRegistration":"https://voterservices.elections.maryland.gov/OnlineVoterRegistration/InstructionsStep1"
        },

        "Michigan":
        {
            "inPerson":"Anytime", 
            "byMail":"February 24, 2020", 
            "online":"February 24, 2020",
            "status":"https://www.michigan.gov/documents/sos/Pres_Prim_Date_2020_08022019_662286_7.pdf",
            "onlineRegistration":"https://mvic.sos.state.mi.us/RegisterVoter"
        },
        
        "Minnesota": 
        {
            "inPerson": "Anytime",
            "byMail": "February 11, 2020",
            "online": "February 11, 2020",
            "status": "https://www.sos.state.mn.us/election-administration-campaigns/elections-calendar/",
            "onlineRegistration":"https://mnvotes.sos.state.mn.us/VoterRegistration/VoterRegistrationMain.aspx"
        },

        "Mississippi":
        {
            "inPerson":"February 10, 2020", 
            "byMail":"February 10, 2020", 
            "online":"MS doesn't offer online registration.",
            "status":"https://www.sos.ms.gov/Elections-Voting/Documents/VoterInformationGuide.pdf",
            "onlineRegistration":""
        },

        "Missouri":
        {
            "inPerson":"February 12, 2020", 
            "byMail":"February 12, 2020", 
            "online":"MO doesn't offer online voter registration.",
            "status":"https://www.sos.mo.gov/elections/calendar/2020cald",
            "onlineRegistration":""
        },

        "Montana": {
            "inPerson":"May 4, 2020. If you miss the deadline, you can register late at <a href=' https://sosmt.gov/Portals/142/Elections/Forms/electionadministrators.pdf'>your local election office</a>.", 
            "byMail":"May 4, 2020", 
            "online":"MT doesn't offer online voter registration.",
            "status":"Register late at these locations:",
            "onlineRegistration":""
        },
        
        "Nebraska":
        {
            "inPerson":"May 1, 2020", 
            "byMail":"April 24, 2020", 
            "online":"April 24, 2020",
            "status":"https://sos.nebraska.gov/sites/sos.nebraska.gov/files/doc/2020%20Election%20Calendar_0.pdf",
            "onlineRegistration":"https://www.nebraska.gov/apps-sos-voter-registration/"
        },

        "New Jersey":
        {
            "inPerson":"May 12, 2020", 
            "byMail":"May 12, 2020", 
            "online":"NJ doesn't offer online registration.",
            "status":"https://nj.gov/state/elections/assets/pdf/chrons/2020-chron-02-primary-election-011520.pdf",
            "onlineRegistration":""
        },

        "New Mexico":
        {
            "inPerson":"May 5, 2020", 
            "byMail":"May 5, 2020", 
            "online":"May 5, 2020",
            "status":"https://www.sos.state.nm.us/voting-and-elections/voting-faqs/voter-registration/",
            "onlineRegistration":"https://portal.sos.state.nm.us/ovr/webpages/instructionsstep1.aspx"
        },
        
        "New Hampshire": {
            "inPerson":"Check with <a href='http://sosuat.nh.gov/VoteInforLook.aspx'>your county clerk</a> to learn when the last day to register is in your county. You can also register and vote on election day.", 
            "byMail":"Check with <a href='http://sosuat.nh.gov/VoteInforLook.aspx'>your county clerk</a> to learn when the last day to register is in your county.", 
            "online":"NH doesn't offer online voter registration.",
            "status":"",
            "onlineRegistration":""
        },

        "Nevada":
        {
            "inPerson":"", 
            "byMail":"Nevada's 2020 presidential caucus is over.", 
            "online":"",
            "status":"",
            "onlineRegistration":"https://www.nvsos.gov/SOSVoterServices/Registration/Step0.aspx"
        },
        
        "New York":
        {
            "inPerson":"April 3, 2020", 
            "byMail": "Received by April 8, 2020", 
            "online":"April 3, 2020",
            "status":"https://www.elections.ny.gov/NYSBOE/law/2020PresidentialPrimaryCalendar.pdf",
            "onlineRegistration":"https://voterreg.dmv.ny.gov/MotorVoter/"
        },

        "North Carolina":
        {
            "inPerson":"Anytime.", 
            "byMail":"February 7", 
            "online":"NC doesn't offer online voter registration.",
            "status":"https://www.ncsbe.gov/Voters/Registering-to-Vote",
            "notes": "You can register online here: https://www.vote.org/register-to-vote/north-carolina/" ,
            "onlineRegistration":"" 
        },

        "North Dakota": {
            "inPerson":"You don't need to register to vote in North Dakota.", 
            "byMail":"", 
            "online":"",
            "status":"",
            "onlineRegistration":""
        },

        "Ohio": 
        {
            "inPerson":"February 18, 2020", 
            "byMail":"February 18, 2020", 
            "online":"February 18, 2020",
            "status":"https://www.ohiosos.gov/elections/voters/register/#register",
            "onlineRegistration":"https://olvr.ohiosos.gov/"
         },

         
        "Oklahoma": 
        {
            "inPerson":"February 7, 2020", 
            "byMail":"February 7, 2020", 
            "online":"Oklahoma doesn't offer online registration--but they're working on it!",
            "status":"https://www.ok.gov/elections/Election_Info/2020_Election_Calendar.html",
            "onlineRegistration":""
        },

        "Oregon": 
        {
            "inPerson":"April 28, 2020", 
            "byMail":"April 28, 2020", 
            "online":"April 28, 2020",
            "status":"https://sos.oregon.gov/voting/Pages/registration.aspx?lang=en",
            "notes": "21 days before the election",
            "onlineRegistration":"https://sos.oregon.gov/voting/Pages/registration.aspx?lang=en"
        },

        "Pennsylvania": 
        {
            "inPerson":"April 13, 2020", 
            "byMail":"April 13, 2020", 
            "online":"April 13, 2020",
            "status":"https://www.pavoterservices.pa.gov/Pages/VoterRegistrationApplication.aspx",
            "notes": "15 days before the election",
            "onlineRegistration":"https://www.pavoterservices.pa.gov/Pages/VoterRegistrationApplication.aspx"
        },

        "Rhode Island": 
        {
            "inPerson":"March 29, 2020", 
            "byMail":"March 29, 2020", 
            "online":"March 29, 2020",
            "status":"https://elections.ri.gov/elections/upcoming/index.php",
            "onlineRegistration":"https://vote.sos.ri.gov/Home/RegistertoVote?ActiveFlag=1"
        },

        "South Carolina": 
        {
            "inPerson":"January 30, 2020", 
            "byMail":"January 30, 2020", 
            "online":"January 30, 2020",
            "status":"January 30, 2020",
            "notes":"30 days before the election",
            "onlineRegistration":"https://info.scvotes.sc.gov/eng/ovr/start.aspx"
        },

        "South Dakota": 
        {
            "inPerson":"May 18, 2020", 
            "byMail":"May 18, 2020", 
            "online":"SD doesn't offer online voter registration.",
            "status":"https://sdsos.gov/elections-voting/voting/register-to-vote/default.aspx",
            "notes":"15 days before the election",
            "onlineRegistration":""
        },

        "Tennessee": 
        {
            "inPerson":"February 3, 2020", 
            "byMail":"Postmarked or delivered by February 3, 2020", 
            "online":"February 3, 2020",
            "status":"https://ovr.govote.tn.gov/",
            "notes":"30 days before the election",
            "onlineRegistration":"https://ovr.govote.tn.gov/"
        },

        "Texas":
        {
            "inPerson":"February 3, 2020", 
            "byMail":"February 3, 2020", 
            "online":"TX doesn't offer online registration.",
            "status":"https://www.sos.state.tx.us/elections/voter/2020-important-election-dates.shtml",
            "notes": "TX doesn't offer online registration, but you can try https://www.vote.org/register-to-vote/texas/",
            "onlineRegistration":" "
        },

        "Utah":
        {
            "inPerson":"Anytime", 
            "byMail":"February 3, 2020", 
            "online":"February 25, 2020",
            "status":"https://voteinfo.utah.gov/current-election-information/",
            "notes": "If you miss the Feb. 25 deadline, you can register and vote on the same day furing early voting.",
            "onlineRegistration":"https://secure.utah.gov/voterreg/login.html?selection=REGISTER"
        },

        "Virginia":
        {
            "inPerson":"February 10, 2020", 
            "byMail":"February 10, 2020", 
            "online":"February 10, 2020",
            "status":"https://www.elections.virginia.gov/casting-a-ballot/calendars-schedules/",
            "onlineRegistration":"https://www.elections.virginia.gov/citizen-portal/"
        },
        
        "Vermont":
        {
            "inPerson":"Anytime", 
            "byMail":"Anytime", 
            "online":"Anytime",
            "status":"https://sos.vermont.gov/elections/voters/registration/",
            "onlineRegistration":"https://olvr.sec.state.vt.us/"
        },
        
        "Washington":
        {
            "inPerson":"Anytime", 
            "byMail":"March 2, 2020", 
            "online":"March 2, 2020",
            "status":"https://www.sos.wa.gov/elections/dates-and-deadlines.aspx",
            "onlineRegistration":"https://voter.votewa.gov/WhereToVote.aspx"
        },

        "Washington, D.C.": 
        {
            "inPerson":"Anytime", 
            "byMail":"May 12, 2020", 
            "online":"May 12, 2020",
            "status":"https://www.dcboe.org/FAQS/Voter-Registration",
            "onlineRegistration":"https://www.vote4dc.com/ApplyInstructions/Register"
        },

        "Wisconsin": 
        {
            "inPerson":"February 14 at your clerk's office, or on Election Day at your polling place", 
            "byMail":"January 29, 2020", 
            "online":"January 29, 2020",
            "status":"https://myvote.wi.gov/en-us/VoterDeadlines",
            "onlineRegistration":"https://myvote.wi.gov/en-US/RegisterToVote"
        },

        "West Virginia": 
        {
            "inPerson":"April 21, 2020", 
            "byMail":"April 21, 2020", 
            "online":"April 21, 2020",
            "status":"https://sos.wv.gov/FormSearch/Elections/Informational/West%20Virginia%20Election%20Calendar.pdf",
            "onlineRegistration":"https://ovr.sos.wv.gov/Register/Landing#Qualifications"
        },

        "Wyoming": 
        {
            "inPerson":"Wyoming holds caucuses for their Democratic Primary. We couldn't find much info about when you need to register to participate. However, they do offer day-of registration for regular elections.", 
            "byMail":" ", 
            "online":" ",
            "status":"unverified",
            "notes":"",
            "onlineRegistration":""
        }
    },
    "general":
    {
        "Alaska": 
        {
            "inPerson":"October 4, 2020 ", 
            "byMail":"October 4, 2020 ", 
            "online":"October 4, 2020 ",
            "source":"http://www.elections.alaska.gov/Core/electiondatesandhours.php",
            "onlineRegistration": "https://voterregistration.alaska.gov/"
        },
        "Alabama": 
        {
            "inPerson":"October 19, 2020", 
            "byMail":"Received by October 19, 2020", 
            "online":"October 20, 2020",
            "status":"unverified",
            "onlineRegistration":"https://www.alabamainteractive.org/sos/voter_registration/voterRegistrationWelcome.action"
        },

        "Arkansas":
        {
            "inPerson":"October 5, 2020", 
            "byMail":"Received by October 5, 2020", 
            "online":"You can't in AR.",
            "status":"https://www.sos.arkansas.gov/uploads/2020_Election_Calendar_7-29-19.pdf",
            "onlineRegistration": ""
        },

        "Arizona": 
        {
            "inPerson":"October 5, 2020",
            "byMail":"October 5, 2020",
            "online":"October 5, 2020",
            "status":"https://azsos.gov/elections/elections-calendar-upcoming-events",
            "onlineRegistration":"https://servicearizona.com/webapp/evoter/selectLanguage"
        },
        
        "California": 
        {
            "inPerson":"Anytime", 
            "byMail":"October 20, 2020", 
            "online":"October 20, 2020",
            "status":"unverified",
            "notes":"If you miss the main registration deadline, you can still register in person.",
            "onlineRegistration":"https://registertovote.ca.gov/"
        },

        "Colorado": 
        {
            "inPerson":"Anytime", 
            "byMail":"October 26, 2020", 
            "online":"October 26, 2020",
            "status":"https://www.sos.state.co.us/pubs/elections/calendars/2020ElectionCalendar.pdf",
            "notes":"If you miss the main registration deadline, you can still register in person.",
            "onlineRegistration":"https://www.sos.state.co.us/voter/pages/pub/olvr/verifyNewVoter.xhtml"
        },

        "Connecticut": 
        {
            "inPerson":"November 2, 2020 before noon", 
            "byMail":"Postmarked by October 27, 2020", 
            "online":"October 27, 2020",
            "status":"https://portal.ct.gov/SOTS/Election-Services/Registration-Deadlines/Registration-Deadlines",
            "onlineRegistration":"https://voterregistration.ct.gov/OLVR/welcome.do",
            "last_checked": "March 17, 2020"
        },

        "Delaware":
        {
            "inPerson":"October 10, 2020 ", 
            "byMail":"October 10, 2020 ", 
            "online":"October 10, 2020 ",
            "status":"https://elections.delaware.gov/calendar/2020ElectionCalendar.pdf",
            "notes": "Service members living outside the U.S. have until October 19 to register.",
            "onlineRegistration":"https://ivote.de.gov/voterview"
        },

        "Florida":
        {
            "inPerson":"October 5, 2020", 
            "byMail":"October 5, 2020", 
            "online":"October 5, 2020",
            "status":"https://dos.myflorida.com/elections/for-voters/election-dates/",
            "onlineRegistration":"https://registertovoteflorida.gov/"
        },

        "Georgia":
        {
            "inPerson":"October 5, 2020", 
            "byMail":"October 5, 2020", 
            "online":"Octobe 5, 2020",
            "status":"https://sos.ga.gov/admin/files/2020_Short_Calendar.pdf",
            "onlineRegistration":"https://registertovote.sos.ga.gov/GAOLVR/welcome.do#no-back-button"
        },

        "Hawaii":
        {
            "inPerson":"October 5, 2020 or on Election Day", 
            "byMail":"October 5, 2020", 
            "online":"October 5, 2020",
            "status":"https://elections.hawaii.gov/voters/registration/",
            "onlineRegistration":"https://olvr.hawaii.gov/"
        },

        "Iowa":
        {
            "inPerson":"Anytime", 
            "byMail":"October 24, 2020", 
            "online":"October 24, 2020",
            "status":"https://sos.iowa.gov/elections/electioninfo/3yrelectioncal.html",
            "onlineRegistration":"https://mymvd.iowadot.gov/Account/Login?ReturnUrl=%2fVoterRegistration"
        },

        "Idaho":
        {
            "inPerson":"Anytime", 
            "byMail":"Received by October 9, 2020", 
            "online":"October 9, 2020",
            "status":"https://sos.idaho.gov/election-calendars/",
            "onlineRegistration":"https://apps.idahovotes.gov/OnlineVoterRegistration/"
        },

        "Illinois":
        {
            "inPerson":"Anytime", 
            "byMail":"October 6, 2020", 
            "online":"October 18, 2020",
            "status":"https://www.elections.il.gov/Default.aspxf",
            "onlineRegistration":"https://ova.elections.il.gov/RegistrationClosed.aspx"
        },
        "Indiana":
        {
            "inPerson":"October 5, 2020", 
            "byMail":"October 5, 2020", 
            "online":"October 5, 2020",
            "status":"https://www.in.gov/sos/elections/2403.htm",
            "onlineRegistration":"https://indianavoters.in.gov/"
        },

        "Kansas":
        {
            "inPerson":"October 13, 2020", 
            "byMail":"October 13, 2020", 
            "online":"October 13, 2020",
            "status":"https://sos.kansas.gov/elections/registration-voting/",
            "notes": "Also saw some reports that you could register in person.",
            "onlineRegistration":"https://www.kdor.ks.gov/apps/voterreg/secure/default.aspx"
        },

        "Kentucky":
        {
            "inPerson":"October 5, 2020", 
            "byMail":"October 5, 2020", 
            "online":"October 5, 2020",
            "status":"https://elect.ky.gov/Resources/Documents/2020%20Election%20Calendar%20Edited.pdf",
            "onlineRegistration":"https://vrsws.sos.ky.gov/ovrweb/"
        },    
        "Louisiana":
        {
            "inPerson":"October 5, 2020", 
            "byMail":"October 5, 2020", 
            "online":"October 13, 2020",
            "status":"https://www.sos.la.gov/ElectionsAndVoting/GetElectionInformation/Pages/default.aspx",
            "notes":"LA is 1 of 3 states with a 'Presidential preference primary.'",
            "onlineRegistration":"https://voterportal.sos.la.gov/VoterRegistration"
        },
        "Massachusetts":
        {
            "inPerson":"October 14, 2020", 
            "byMail":"October 14, 2020", 
            "online":"October 14, 2020",
            "status":"https://www.sec.state.ma.us/CalendarWeb/Pages/MonthWeekCalendar.aspx",
            "onlineRegistration":"https://www.sec.state.ma.us/ovr/"
        },

        "Maryland":
        {
            "inPerson":"Anytime", 
            "byMail":"October 13, 2020", 
            "online":"October 13, 2020",
            "status":"https://elections.maryland.gov/voter_registration/index.html",
            "onlineRegistration":"https://voterservices.elections.maryland.gov/OnlineVoterRegistration/InstructionsStep1"
        },

        "Michigan":
        {
            "inPerson":"Anytime", 
            "byMail":"October 19, 2020", 
            "online":"October 19, 2020",
            "status":"https://www.michigan.gov/documents/sos/2020_Elec-Dates-Booklet_ED-12_10-09-19_668275_7.pdf",
            "onlineRegistration":"https://mvic.sos.state.mi.us/RegisterVoter"
        },

        "Minnesota": 
        {
            "inPerson":"Anytime",
            "byMail": "October 13, 2020",
            "online": "October 13, 2020",
            "status": "https://www.sos.state.mn.us/election-administration-campaigns/elections-calendar/",
            "onlineRegistration":"https://mnvotes.sos.state.mn.us/VoterRegistration/VoterRegistrationMain.aspx"
        },

        "Mississippi":
        {
            "inPerson":"October 5, 2020", 
            "byMail":"October 5, 2020", 
            "online":"MS doesn't offer online voter registration.",
            "status":"https://www.sos.ms.gov/Elections-Voting/Documents/VoterInformationGuide.pdf",
            "onlineRegistration":""
        },
        
        "Missouri":
        {
            "inPerson":"October 7, 2020", 
            "byMail":"October 7, 2020", 
            "online":"MO doesn't offer online voter registration.",
            "status":"https://www.sos.mo.gov/elections/calendar/2020cal",
            "onlineRegistration":""
        },

        "Montana": {
            "inPerson":"October 5, 2020. If you miss the deadline, you can register late at <a href='https://sosmt.gov/Portals/142/Elections/Forms/electionadministrators.pdf'>your local election office</a>.", 
            "byMail":"October 5, 2020", 
            "online":"MT doesn't offer online voter registration.",
            "status":"Register late at these locations: https://sosmt.gov/Portals/142/Elections/Documents/2018LateRegistrationLocations.pdf",
            "onlineRegistration":""
        },
        
        "New Hampshire": {
            "inPerson":"Check with <a href='http://sosuat.nh.gov/VoteInforLook.aspx'>your county clerk</a> to learn when the last day to register is in your county. You can also register and vote on election day.", 
            "byMail":"Check with <a href='http://sosuat.nh.gov/VoteInforLook.aspx'>your county clerk</a> to learn when the last day to register is in your county.", 
            "online":"NH doesn't offer online voter registration.",
            "status":"",
            "onlineRegistration":""
        },

        "North Carolina":
        {
            "inPerson":"Anytime", 
            "byMail":"October 9, 2020", 
            "online":"You can't in NC.",
            "status":"https://www.ncsbe.gov/Voters/Registering-to-Vote",
            "notes": "",
            "onlineRegistration":""
        },

        "North Dakota":
        {
            "inPerson":"North Dakota doesn't require voter registration.", 
            "byMail":"", 
            "online":"",
            "status":"https://vip.sos.nd.gov/PortalListDetails.aspx?ptlhPKID=79&ptlPKID=7",
            "notes": "North Dakota doesn't require voter registration.",
            "onlineRegistration":""
        },

        "Nebraska":
        {
            "inPerson":"October 23, 2020", 
            "byMail":"October 16, 2020", 
            "online":"October 16, 2020",
            "status":"https://sos.nebraska.gov/sites/sos.nebraska.gov/files/doc/2020%20Election%20Calendar_0.pdf",
            "onlineRegistration":"https://www.nebraska.gov/apps-sos-voter-registration/"
        },

        "New Jersey":
        {
            "inPerson":"October 13, 2020", 
            "byMail":"October 13, 2020", 
            "online":"NJ doesn't offer online registration.",
            "status":"https://nj.gov/state/elections/assets/pdf/chrons/2020-chron-01-general-election-012220.pdf",
            "onlineRegistration":""
        },

        "New Mexico":
        {
            "inPerson":"October 6, 2020", 
            "byMail":"October 6, 2020", 
            "online":"October 6, 2020",
            "status":"https://www.sos.state.nm.us/voting-and-elections/voting-faqs/voter-registration/",
            "onlineRegistration":"https://portal.sos.state.nm.us/ovr/webpages/instructionsstep1.aspx"
        },
        
        "Nevada":
        {
            "inPerson":"October 6, 2020 and on Election Day", 
            "byMail":"Postmarked by October 6, 2020", 
            "online":"October 29, 2020",
            "status":"https://www.nvsos.gov/sos/home/showdocument?id=8206",
            "onlineRegistration":"https://www.nvsos.gov/SOSVoterServices/Registration/Step0.aspx"
        },
        
        "New York":
        {
            "inPerson":"October 9, 2020", 
            "byMail":"Received by October 14, 2020", 
            "online":"October 9, 2020",
            "status":"https://www.elections.ny.gov/NYSBOE/law/2020PoliticalCalendar.pdf",
            "onlineRegistration":"https://voterreg.dmv.ny.gov/MotorVoter/"
        },

        "Ohio": 
        {
            "inPerson":"October 5, 2020", 
            "byMail":"October 5, 2020", 
            "online":"October 5, 2020",
            "status":"https://www.ohiosos.gov/elections/voters/register/#gref",
            "onlineRegistration":"https://olvr.ohiosos.gov/"
         },

                  
        "Oklahoma": 
        {
            "inPerson":"October 12, 2020", 
            "byMail":"October 12, 2020", 
            "online":"Oklahoma doesn't offer online registration--but they're working on it!",
            "status":"",
            "notes": "24 days before the election",
            "onlineRegistration":""
        },

        "Oregon": 
        {
            "inPerson":"October 13, 2020", 
            "byMail":"October 13, 2020", 
            "online":"October 13, 2020",
            "status":"https://sos.oregon.gov/voting/Pages/registration.aspx?lang=en",
            "notes":"21 days before the election",
            "onlineRegistration":"https://sos.oregon.gov/voting/Pages/registration.aspx?lang=en"
        },

                
        "Pennsylvania": 
        {
            "inPerson":"October 19, 2020", 
            "byMail":"October 19, 2020", 
            "online":"October 19, 2020",
            "status":"https://www.votespa.com/About-Elections/Pages/Upcoming-Elections.aspx",
            "onlineRegistration":"https://www.pavoterservices.pa.gov/Pages/VoterRegistrationApplication.aspx"
        },

        "Rhode Island": 
        {
            "inPerson":"October 4, 2020", 
            "byMail":"October 4, 2020", 
            "online":"October 4, 2020",
            "status":"https://elections.ri.gov/elections/upcoming/index.php",
            "onlineRegistration":"https://vote.sos.ri.gov/Home/RegistertoVote?ActiveFlag=1"
        },

        "South Carolina": 
        {
            "inPerson":"October 4, 2020", 
            "byMail":"October 4, 2020", 
            "online":"October 4, 2020",
            "status":"October 4, 2020",
            "notes":"30 days before the election",
            "onlineRegistration":"https://info.scvotes.sc.gov/eng/ovr/start.aspx"
        },

        "South Dakota": 
        {
            "inPerson":"October 19, 2020", 
            "byMail":"October 19, 2020", 
            "online":"SD doesn't offer online voter registration.",
            "status":"https://sdsos.gov/elections-voting/voting/register-to-vote/default.aspx",
            "notes":"15 days before the election",
            "onlineRegistration":""
        },

        "Tennessee": 
        {
            "inPerson":"October 4, 2020", 
            "byMail":"Postmarked or delivered by October 4, 2020", 
            "online":"October 4, 2020",
            "status":"https://ovr.govote.tn.gov/",
            "notes":"30 days before the election",
            "onlineRegistration":"https://ovr.govote.tn.gov/"
        },

        "Texas":
        {
            "inPerson":"October 5, 2020", 
            "byMail":"October 5, 2020", 
            "online":"TX doesn't offer online registration.",
            "status":"https://www.sos.state.tx.us/elections/voter/2020-important-election-dates.sthtml",
            "notes": "TX doesn't offer online registration, but you can try https://www.vote.org/register-to-vote/texas/",
            "onlineRegistration":""
        },

        "Utah":
        {
            "inPerson":"October 27, 2020 and on Election Day", 
            "byMail":"Sent by October 4, 2020", 
            "online":"October 27, 2020",
            "status":"https://www.rockthevote.org/voting-information/election-dates-deadlines/utah/",
            "onlineRegistration":"https://secure.utah.gov/voterreg/login.html?selection=REGISTER"
        },

        "Virginia":
        {
            "inPerson":"October 13, 2020", 
            "byMail":"October 13, 2020", 
            "online":"October 13, 2020",
            "status":"https://www.elections.virginia.gov/casting-a-ballot/calendars-schedules/",
            "onlineRegistration":"https://www.elections.virginia.gov/citizen-portal/"
        },
        
        "Vermont":
        {
            "inPerson":"Anytime", 
            "byMail":"Anytime", 
            "online":"Anytime",
            "status":"https://sos.vermont.gov/elections/voters/registration/",
            "onlineRegistration":"https://olvr.sec.state.vt.us/"
        },
        
        "Washington":
        {
            "inPerson":"Anytime", 
            "byMail":"October 26, 2020", 
            "online":"October 26, 2020",
            "status":"https://www.sos.wa.gov/elections/dates-and-deadlines.aspx",
            "onlineRegistration":"https://voter.votewa.gov/WhereToVote.aspx"
        },

        "Washington, D.C.": 
     {
            "inPerson":"Anytime", 
            "byMail":"October 13, 2020", 
            "online":"October 13, 2020",
            "status":"https://www.dcboe.org/FAQS/Voter-Registration",
            "onlineRegistration":"https://www.vote4dc.com/ApplyInstructions/Register"
        },

        "Wisconsin": 
        {
            "inPerson":"October 30, 2020 at your clerk's office or on Election Day at your polling place.", 
            "byMail":"Sent by October 14, 2020", 
            "online":"October 30, 2020",
            "status":"https://www.rockthevote.org/voting-information/election-dates-deadlines/wisconsin/",
            "onlineRegistration":"https://myvote.wi.gov/en-US/RegisterToVote"
        },

        "West Virginia": 
        {
            "inPerson":"October 13, 2020", 
            "byMail":"October 13, 2020", 
            "online":"October 13, 2020",
            "status":"https://sos.wv.gov/FormSearch/Elections/Informational/West%20Virginia%20Election%20Calendar.pdf",
            "onlineRegistration":"https://ovr.sos.wv.gov/Register/Landing#Qualifications"
        },

        "Wyoming": 
        {
            "inPerson":"October 19, 2020 or on Election Day.", 
            "byMail":"October 19, 2020", 
            "online":"WY doesn't offer online registration.",
            "status":"https://soswy.state.wy.us/Elections/Docs/2020/2020_Key_Election_Dates.pdf",
            "notes": "If you miss the election deadline, you can register on Election Day (and fill out an absentee ballot)",
            "onlineRegistration":""        
        }
    }
}