{   
    "Alaska": 
    {
        "at_polls":"<p>You'll be asked to show ID. You can show: </p><ul><li>Voter ID card</li><li>Driver's license or state ID</li><li>Military ID</li> <li>U.S. passport </li><li>Hunting or fishing license or other current or valid photo ID</li></ul>",
        "other_options": "<ul><li>Current utility bill</li><li>Paycheck</li><li>Government check</li><li>Bank statement</li><li>Other government issued document</li></ul>",
        "no_id":"<p>If you don't have an ID or a document that proves your current address, you can still vote a \"questioned\" ballot. Then, a review board will decide if your vote counts</p>.",
        "source":"http://www.elections.alaska.gov/Core/votingatthepollsonelectionday.php",
        "last_checked":"2020-03-29"
    },
    
    "Alabama": 
    {
        "at_polls":"<p>You'll be asked to show ID. You can show: </p><ul><li>Driver's license or state ID</li> <li>Passport</li> <li>Tribal ID</li> <li>Student ID from an Alabama school</li>",
        "other_options": "If you don't have a voter ID, you can apply for one. <a href='https://www.sos.alabama.gov/sites/default/files/voter-pdfs/candidate-resources/ApplicationForFreeALPhotoVoterIdCard.pdf'>Fill out an application</a> and send it to the <a href='https://www.sos.alabama.gov/'>Secretary of State</a>.",
        "no_id":"If you don't have an ID, you can vote a <a href='https://www.sos.alabama.gov/sites/default/files/voter-pdfs/ProvisionalInstructionBooklet.pdf'>provisional ballot</a>. Then, after the election, election officials will try to determine if your vote should count based on the info in your provisional ballot.",
        "source":"https://www.sos.alabama.gov/alabama-votes/voter/voter-id",
        "last_checked":"2020-03-29"
    },
    
    "Arkansas":
    {  
        "at_polls":"<p>You'll need to prove registration with an Arkansas or federal government ID that shows your name & photo, such as:</p><ul><li>Arkansas driver's license or state ID</li> <li>Passport</li> <li>Student ID</li> <li>Military ID</li></ul>",
        "other_options": "",
        "no_id":"If you don't have an ID, you can vote a provisional ballot. This means that you'll have until the first Monday after the election to show an ID or document that has your name, a photo of you, is issued by either Arkansas or federal government, and expired fewer than 4 years ago.",
        "source":"https://www.sos.arkansas.gov/elections/voter-information/voter-registration-information",
        "last_checked":"2020-03-29"
    },

    "Arizona": 
    {
        "at_polls":"<p>You'll be asked to show ID. You can show:</p> <ul><li>Arizona driver's license or state ID</li><li>Tribal ID</li><li>Other federal- or Arizona-issued photo ID</li>",
        "other_options": "<p>If you don't have a photo ID, you can also bring 2 of the following:</p><ul><li>Utility bill from the last 90 days</li><li>Bank or credit union statement</li><li>AZ vehicle registration or insurance card</li><li>Property tax statement</li><li>Tribal card</li><li>Recorder's Certificate</li><li>Government-issued ID</li><li>\"Official Election\" mail</li></ul>",
        "no_id":"If you don't have ID, you can still vote a provisional ballot. Then, you'll have 7 days to show an ID at your polling place so that your vote can be counted.",
        "source":"https://azsos.gov/elections/voting-election",
        "last_checked":"2020-03-29"
    },

    "California": 
    {
        "at_polls":"<p>You only need to show ID if you're voting for the first time by mail & you didn't provide a driver's license number or social security number when you registered. If that's the case, you can show a photo ID such as:</p><ul><li>Driver's license or state ID</li> <li>Passport</li> <li>Student ID</li> <li>Health club membership</li> <li>Public housing card</li></ul>",
        "other_options": "<p>If you don't have a photo ID, you can show 2 documents that include your name and address, such as:</p><ul><li>Utility bill</li><li>Lease</li><li>Paycheck or government check</li><li>Vehicle registration</li></ul>",
        "no_id":"If you have to show an ID but can't, you can vote a provisional ballot. Then, your ballot will be counted counted after election officials verify that you're eligible to vote.",
        "source":"https://www.sos.ca.gov/elections/voting-resources/voting-california/what-bring/",
        "last_checked":"2020-03-29"
    },

    "Colorado": 
    {
        "at_polls":"<p>If you're voting by mail or for the first time, you'll need to show ID. You can show:</p> <ul><li>Colorado driver's license or state ID</li><li>Passport</li><li>Government ID</li><li>Military ID</li><li>Pilot's license</li><li>Utility bill</li><li>Certificate of Indian or Alaskan Native Blood or a tribal ID</li><li>Medicare/medicaid card</li><li>Certified copy of your birth certificate<li>Naturalization document</li></ul>",
        "other_options": "You can also show one of these if it applies: <ul><li>Proof that you live in a group home</li><li>Written evidence from the county sherrif that you're confined in a county jail</li></ul>",
        "no_id":"If you don't have an ID, you can still vote a <a href='https://www.sos.state.co.us/pubs/elections/FAQs/ProvisionalBallots.html'>provisional ballot</a>. After the election, officials will investigate and decide if your vote counts.",
        "source":"https://www.sos.state.co.us/pubs/elections/vote/acceptableFormsOfID.html",
        "last_checked":"2020-03-30"
    },

    "Connecticut": 
    {
        "at_polls":"<p>You'll be asked to show ID. You can use any form ID that shows your name and one of these:</p> <ul><li>Photo</li><li>Address</li><li>Signature</li></ul><p>You could also show a social security card. <b>Note:</b> If you're a first time voter who registered by mail, you need identification that includes your name & address.</p>",
        "other_options": "",
        "no_id":"If you don't have ID, you can sign a statement swearing under CT law that you're the person whose name appears on the voter registration checklist at your polling place.",
        "source":"https://portal.ct.gov/SOTS/Election-Services/FAQ/FAQ---Voter-Identification",
        "last_checked":"2020-03-30"
    },

    "Delaware":
    {
        "at_polls":"<p>You'll be asked to show ID. You can show:</p> <ul><li>U.S. passport</li><li>Delaware driver's license or state ID</li> <li>Social security card</li> <li>Polling place card</li> <li>Signed vehicle registration</li> <li>Credit card with a signature and a photo</li> <li>Another ID that includes your photo and signature</li> </ul>",
        "other_options": "If you can't bring an ID with your name and signature, take something that shows your name and address: A utility bill, bank statement, or paycheck, etc. This will make it easier successfully complete a provisional ballot.",
        "no_id":"If poll workers can't confirm that you're registered, you can still vote a provisional ballot (for federal elections). Then, election officials will try to verify that you really are registered in your district. If they can, they'll count your vote.",
        "source":"https://electionsncc.delaware.gov/faqs/voting.shtml",
        "last_checked":"2020-03-30"
    },

    "Florida":
    {
        "at_polls":"<p>You'll be asked to show a photo ID with a signature. You can show:</p> <ul><li>Florida driver's license or state ID</li><li> U.S. passport</li> <li>Debit or credit card (with a photo)</li> <li>Military or veteran's ID</li> <li>Student ID</li><li> Retirement center ID</li>   <li>Neighborhood association ID</li> <li>Public assistance ID </li><li>Gun license</li><li>Government-issued employee ID</li></ul>",
        "other_options": "",
        "no_id":"If you don't have ID, you can still vote a provisional ballot. After the election, officials will make sure that you're actually registered, and your vote will be counted.",
        "source":"https://dos.myflorida.com/elections/for-voters/voting/election-day-voting/",
        "last_checked":"2020-03-18"
    },

    
    "Georgia":
    {
        "at_polls":"<p>You'll need to show a photo ID, such as:</p><ul> <li>Driver's license (even an expired one) or state ID</li> <li>Military ID</li>  <li>U.S. passport</li> <li>Tribal ID</li><li>Other government photo ID</li></ul>",
        "other_options": "<p>If you don't have a photo ID, you can get a free voter ID. For this, you'll need a document that shows your name and date of birth and evidence that you're registered to vote. Take these to your county registrar or local Department of Driver Services.</p>",
        "no_id":"If you can't show ID, you can still vote a <a href='https://sos.ga.gov/admin/files/GAInfoguide.pdf'>provisional ballot</a>. Then, you'll have 3 days to take proof that you are who you say you are to your local county registrar.",
        "source":"https://sos.ga.gov/index.php/elections/georgia_voter_identification_requirements2",
        "last_checked":"2020-03-30"
    },
   
    "Hawaii":
    {
        "at_polls":"<p>If you're voting in person at a Voter Service Center, you should take an ID with you. Acceptable IDs include:</p><ul><li>State driver's license or ID</li> <li>U.S. passport</li> <li>Utility bill, bank statement, paycheck, or other document that shows your name and address</li> </ul>",
        "other_options": "If you don't have ID, you might be asked for other information that would confirm your identity and registration status.",
        "no_id":"If for some reason you can't prove your identity, you can still vote a provisional ballot. Then, you have 2 days to prove your identity to your local Clerk's Office.",
        "source":"https://www.honolulu.gov/elections/voter-info.html",
        "last_checked":"2020-03-30"
    },

    "Iowa":
    {
        "at_polls":"<p>Take a photo ID to the polls. You can show:</p><ul> <li>Iowa driver's license or state ID</li> </li> <li>Military or veteran's ID</li> <li>U.S. passport</li> <li>Tribal ID</li><li>Voter ID card</li></ul>",
        "other_options": "<p>The <a href='https://sos.iowa.gov/elections/voterinformation/voterIDfaq.html'>Iowa Secretary of State's website</a> says that if you don't have a driver's license or state ID, they'll mail you a voter ID card when you register. If they don't, try <a href='https://sos.iowa.gov/contactus.html'>contacting them</a>.</p><p>If you don't have ID on Election Day, you can have another registered voter testify to your identity.</p>",
        "no_id":"If you can't prove your identity, you can still vote a provisional ballot. Then, after the election, election officials will try to verify that you're registered based on the info in your provisional ballot. If they can, they'll count your vote.",
        "source":"https://voterready.iowa.gov/",
        "last_checked":"2020-03-30"
    },

    "Idaho":
    {
        "at_polls":"<p>Take a photo ID to the polls. You can show:</p><ul><li> An Idaho driver's license or state ID </li> <li>A student ID from an Idaho school along with a fee statement that shows where you're enrolled and living</li> <li>Any other document that contains a photo and an address</li> </ul>",
        "other_options": "",
        "no_id":"We couldn't find much on the <a href='https://sos.idaho.gov'>Idaho Secretary of State's website</a>, but if you can't prove that you're registered, you're legally allowed to ask for a provisonal ballot.",
        "source":"https://sos.idaho.gov/citizenship-voting/",
        "last_checked":"2020-03-30"
    },
    
    "Illinois":
    {
        "at_polls":"<p>You might be asked to show ID if you didn't have an Illinois ID when you registered. If you're registering at the polls, you need two forms of ID. Here's what you can show:</p><ul> <li>Driver's license or state ID</li><li>U.S. passport</li> <li>Military ID</li> <li>Student ID</li> <li>Lease, mortgage, or deed to your home</li><li>Credit or debit card</li><li>Social security card</li> <li>Medicare, medicaid, or health insurance card</li><li>Card that shows you're a member of a union or professional organization</li><li>LINK, Public Aid, or Department of Human Services Card</li><li>Illinois FOID card</li> </ul>",
        "other_options": "<p>You can also show a copy of one of these that you received in the mail:</p><ul><li>Bank, pension, or credit card statement</li> <li>Paycheck</li> <li>Utility bill</li> <li>Document from a government agency</li> </ul>",
        "no_id":"If you can't prove your identity, you can still vote a provisional ballot. Then, you have 7 days to take identification that proves your identity to your county clerk's office. ",
        "source":"https://www.cookcountyclerk.com/service/when-voters-do-and-dont-need-identification-id",
        "last_checked":"2020-03-30"
    },

    "Indiana":
    {
        "at_polls":"<p>You'll need to show a \"government-issued photo ID\" at the polls. This means that it includes your name and photo, and that it was issued by a U.S. state, the federal government, or a public college/school in Indiana. It can be expired as long as its expiration date was <i>before</i> the most recent election. Here are some examples:</p><ul><li>Indiana driver license or state ID card</li><li>Military ID</li> <li>U.S. Passport</li><li>Student ID (as long it has your name and photo and is from a school in Indiana)</li></ul>",
        "other_options": "If you don't have an ID, you can get a voter ID through the <a href='https://www.in.gov/bmv/'>Indiana Bureau of Motor Vehicles</a>.",
        "no_id":"If you can't prove your identity, you can still vote a provisional ballot. Then, you have 10 days to confirm your identify with your local county board of elections.",
        "source":"https://www.in.gov/sos/elections/2401.htm",
        "last_checked":"2020-03-30"
    },

    "Kansas":
    {
        "at_polls":"<p>You'll need to show an unexpired photo ID at the polls. You can show:</p><ul><li>A driver's license or state ID</li> <li>Gun license</li><li>U.S. passport</li><li>Government ID</li> <li>Military ID</li> <li>Student ID from a school in Kansas</li> <li>Government-issued public assistance card</li><li>Tribal ID</li> </ul>",
        "other_options": "You can get a <a href='http://www.gotvoterid.com/valid-photo-ids.html#feewaver'>free voter ID</a> through Kansas's <a href='https://www.ksrevenue.org/dovindex.html'>Divison of Vehicles</a>.",
        "no_id":"If you can't show ID, you can still vote a provisional ballot. Then, after the election, contact your county election office to find out what you need to do to prove your identity.",
        "source":"http://www.gotvoterid.com/valid-photo-ids.html",
        "last_checked":"2020-03-30"
    },

    "Kentucky":
    {
        "at_polls":"<p>You need to show ID (unless your polling place's officer knows you). You can show something:</p><ul><li>Driver's license or state ID</li> <li>Credit card with a photo and signature</li> <li>Social security card</li> <li>ID issued by state or federal government</li></ul>",
        "other_options": "Polling places will accept another form of ID, too, as long it has your photo and your signature.",
        "no_id":"If you don't have ID, you can still vote a <a href='https://vrsws.sos.ky.gov/provweb/Default.aspx'>provisional ballot</a>. Then, contact your <a href='https://elect.ky.gov/About-Us/Pages/County-Clerks.aspx'>county clerk</a> to find out what you need to do to make sure your vote is counted.",
        "source":"https://elect.ky.gov/Frequently-Asked-Questions/Pages/Election-Day-Information.aspx",
        "last_checked":"2020-03-30"
    },   

    "Louisiana":
    {
        "at_polls":"<p>You should take a photo ID to the polls. You can show:</p><ul><li>Driver's license or state ID</li><li>A Louisiana <a href='https://www.lawallet.com/'>digital driver's license</a></li><li>Military photo ID</li> </ul>",
        "other_options": "You can also show another official form of documentation that includes your photo, name, and signature.",
        "no_id":"If you don't have an ID, you can vote by signing a \"voter affidavit,\" or a sworn statement that you are who you say you are.",
        "source":"https://www.sos.la.gov/ElectionsAndVoting/Vote/VoteOnElectionDay/Pages/default.aspx",
        "last_checked":"2020-03-30"
    },

    "Massachusetts":
    {
        "at_polls":"<p>You'll be asked to show ID if you're voting for the first time, for the first time in a long time, or if a pull worker \"suspects\" something. (We're not sure exactly what the MA Secretary of State means by this last item.) You can show:</p><ul><li>Driver's license or state ID</li><li>Utililty bill</li><li>Lease or morgage</li><li>Copy of your voter registration confirmation</li></ul>",
        "other_options": "You can also bring any printed ID that has your name and address.",
        "no_id":"If you can't show an ID when you get to the polls, you can vote a provisional ballot. Then, you have until the polls close to return and prove your identity.",
        "source":"https://www.sec.state.ma.us/ele/eleidreq/idrequirementsidx.htm",
        "last_checked":"2020-03-30"
    },

    "Maryland":
    {
        "at_polls":"<p>You'll need to prove your identity if you're voting for the first time and you registered by mail. You can show: </p><ul><li>Driver's license or state ID</li><li>The last 4 digits of your social security number</li> <li>Student or employee photo ID</li> <li>U.S. passport</li> <li>State or federal ID</li> <li>Military ID</li></ul>",
        "other_options": "",
        "no_id":"If you don't have an ID, you can still vote a provisional ballot. Then, after the election, election officials will try to determine if your vote counts (based on the information in your provisional ballot). Maryland provides this site to <a href='https://voterservices.elections.maryland.gov/VoterSearch'>check the status of your recently cast provisonal ballot</a>.",
        "source":"https://elections.maryland.gov/vote_act_2002/general_requirements.html",
        "last_checked":"2020-03-30"
    },

    "Michigan":
    {
        "at_polls":"<p>You need to take an ID at the polls. You can show:</p><ul><li>Driver's license or state ID (from Michigan or another state)</li><li>U.S. passport</li><li>Military ID</li> <li>Student ID</li> <li>Tribal ID</li> </ul>",
        "other_options": "",
        "no_id":"If you don't have an ID, you can still vote if you sign a sworn statement attesting to your identity.",
        "source":"https://www.michigan.gov/sos/0,4670,7-127-5647_12539_29836-202520--,00.html",
        "last_checked":"2020-03-30"
    },
    
    "Minnesota": 
    {
        "at_polls":"<p>You only need to show an ID if you're registering at the polls, or if you haven't voted in 4 years. <b>If you have a Minnesota driver's license, Minnesota state ID, or a Tribal ID that includes your name and photo, you can just bring that</b>.</p><p>If you don't have one of those, you'll neeed to bring both a photo ID and a document that shows your name and address. Here's the list of backup photo IDs:</p><ul><li>Driver's license, state ID, or learner's permit (from another state)</li><li>Student ID from a school in Minnesota</li><li>Tribal ID </li> <li>U.S. passport</li> <li>Military or veteran's ID</li></ul> <p>Here's the list of name-and-address documents: (you can show a digital copy): </p> <ul><li>Utility bill, including for phone, TV, or internet</li><li>Bank or credit card statement</li><li>Rent or mortgage paperwork</li><li>Current student loan statement</li></ul>",
        "other_options": "Minnesota allows for a few other options, too. <ul> <li>You may also bring somebody else from your precinct who is registered and can \"vouch\" for you.</li><li>If you registered late, you might've gotten a \"Notice of late registration\" in the mail. You can take that to the polls.</li><li>If you recently moved but stayed within your voting precinct, you can just tell election officials your old address</li>",
        "no_id":"If you can't prove your registration by any of the above means, you can still vote a provisional ballot, or a ballot that is counted after election officials verify that you are really registered. Ask at your polling place what you'll need to do to confirm that your vote should count.",
        "source":"https://www.sos.state.mn.us/elections-voting/register-to-vote/register-on-election-day/",
        "last_checked":"2020-03-30"
    },

    "Montana":
    {
        "at_polls":"<p>You'll be asked to show ID at the polls. You can show: </p><ul><li>Driver's license, state ID, or another ID that has your name and photo</li> <li>Utility bill</li> <li>Bank or credit card statement</li> <li>Paycheck or government check</li> <li>Your voter registration confirmation</li> <li>Government-issued document that shows your name and the address where you're registered</li></ul>",
        "other_options": "If you don't have an acceptable ID, you can fill out a \"Polling place elector ID\" form at your polling place. Then, an official will call a local election office to verify that you're registered.",
        "no_id":"If you can't prove your registration, you can still vote a provisional ballot, or a ballot that is counted after election officials verify that you are really registered. Ask at your polling place what you'll need to do to confirm that your vote should count.",
        "source":"https://sosmt.gov/elections/faq/#identification",
        "last_checked":"2020-03-30"
    },

    "Mississippi":
    {
        "at_polls":"<p>You'll be asked to show ID at the polls. You can show:</p><ul><li>Mississippi driver's license or state ID</li><li>U.S. passport</li> <li>Student ID from a school in Mississippi</li> <li>Government-issued ID (e.g. employee ID)</li> <li>Tribal ID</li> <li>Gun license</li> <li>Mississippi voter ID</li> </ul>",
        "other_options": "If you don't have an ID, you can apply for a voter ID at a <a href='https://courts.ms.gov/trialcourts/circuitcourt/circuitclerks.pdf'>Mississippi Circuit Court</a>.",
        "no_id":"If you can't prove your registration, you can still vote a provisional ballot, or a ballot that is counted after election officials verify that you are really registered. Ask at your polling place what you'll need to do to confirm that your vote should count.",
        "source":"http://msvoterid.ms.gov/Pages/VoterIDAcceptID.htm",
        "last_checked":"2020-03-30"
    },


    "Missouri":
    {
        "at_polls":"<p>You'll need to show an ID and sign the poll book. Here's a list of IDs you can take with you to the polls:</p><ul><li>U.S.- or Missouri-government issued ID, including driver's license, student ID, state ID, or a passport</li><li>Utility bill</li> <li>Bank or credit card statement</li> <li>Paycheck or government check</li></ul>",
        "other_options": "You can also show a government document that includes your name and address.",
        "no_id":"If you can't show ID, you can still vote a provisional ballot. Then, you can either come back to the polling place with an ID, or the local election authority will try to match the signature you added to the poll book to the one from your registration.",
        "source":"https://www.sos.mo.gov/showit2vote",
        "last_checked":"2020-03-30"
    },

    "North Carolina":
    {
        "at_polls":"<p>There's an ongoing legal battle about if North Carolina constituents need to show a photo ID. At the time we're writing this (March 2020), you don't--though you will have to prove your residency if you're registering at the polls. You can show one of these as long as it has your name & address: </p> <ul><li>North Carolina driver's license or state ID</li> <li>Other government ID</li> <li>Utility bill</li> <li>Bank statement</li> <li>Paycheck or government check</li> <li>Student ID and proof that you live on campus</li></ul> ",
        "other_options": "",
        "no_id":"If you can't show ID, you can still vote a provisional ballot. You might be given instructions on what you can do to prove your identity to election officials. After the election, your local county board of elections will decide if your vote counts. Here's a detailed description of <a href='https://www.ncsbe.gov/Voting-Options/Provisional-Voting'>provisional voting in North Carolina</a>.",
        "source":"https://www.ncsbe.gov/Voting-Options/One-Stop-Early-Voting",
        "last_checked":"2020-03-30"
    },

    "North Dakota":
    {
        "at_polls":"<p>You'll be asked to show an ID that lists your name, address, and birthdate. You can show:</p><ul><li>Driver's license or state ID</li><li>Tribal ID</li><li>ID from a long term care facility</li></ul>",
        "other_options": "<p>If the main items are missing a your address or birthdate, you can supplement them with:</p><ul><li>Utility bill</li> <li>Government- or tribal-issued check or document</li><li>Paycheck</li><li>Credit card or bank statement</li> </ul>",
        "no_id":"If you can't provide ID, you can vote a \"set aside ballot.\" Then, after the election, you'll prove your identity to the canvassing board, and your ballot will be counted.",
        "source":"https://vip.sos.nd.gov/idrequirements.aspx",
        "last_checked":"2020-03-30"
    },

    "New Hampshire": {
        "at_polls":"<p>You'll be asked to show ID at the polls. You can show:</p><ul><li>Driver's license or state ID (from any state or from the federal government)</li><li>Military ID</li> <li>Passport</li> <li>Student ID from a school in New Hampshire</li> </ul>",
        "other_options": "Your <a href=https://app.sos.nh.gov/Public/ClerkDetails.aspx'>town clerk</a> may allow for other forms of ID.",
        "no_id":"If you can't show ID, you can fill out a \"challenged voter affadavit,\" or a sworn statement that you are who you say you are. The clerk will take your picture & attach it to your statement. (They have to delete the photo from the camera after this.)",
        "source":"https://sos.nh.gov/voterid.aspx",
        "last_checked":"03-30-2020"
    },

    "Nebraska":
    {
        "at_polls":"<p>You only need an ID if you're voting for the first time, you registered by mail, and didn't verify your address. In that case, you can show any document that has your name and address on it.",
        "no_id":"If you can't show ID, you can still vote a provisional ballot. Then, after the election, the election commissioner will try to verify that you are who you say you are. Contact your <a href='https://sos.nebraska.gov/elections/election-officials-contact-information'>local election official</a> if you have questions about this process.",
        "source":"https://sos.nebraska.gov/elections/election-day-faq",
        "last_checked":"2020-03-30"
    },



    "New Jersey":
    {
        "at_polls":"<p>You only need to show ID if you didn't when you registered. If that's the case, you can show: </p><ul><li>Driver's license or state ID</li><li>Military ID</li> <li>Student or employee ID</li> <li>Passport</li><li>Utility bill</li> <li>Bank or credit card statement</li> <li>Car registration</li> <li>Government check or paycheck</li> <li>Lease, rent receipt, or mortgage</li></ul>",
        "other_options": "Any other document that lists your name and address.",
        "no_id":"If you don't have an ID, you can vote a provisional ballot. Then, you'll have 2 days to prove your identity to the county election office.",
        "source":"https://www.njisj.org/accordion_6",
        "last_checked":"2020-03-30 "
    },


    "New Mexico":
    {
        "at_polls":"<p>You only need voter ID for federal and state elections* if you didn't when you registered. You can show:</p><ul><li>A photo ID, such as a driver's license or state ID</li><li>Utility bill</li><li>Bank or credit card statement</li> <li>Government check</li> <li>Paycheck</li> <li>Student ID</li><li>Tribal ID</li> <li>Any government document that lists your name and address</li></ul> <p>*Some New Mexico cities (e.g. Albuquerque) ask for ID at city elections. </p>",
        "other_options": "",
        "no_id":"If you don't have an ID, you can vote a provisional ballot. Ask at your polling place what you need to do to make sure your vote is counted. After the election, you can <a href='https://voterportal.servis.sos.state.nm.us/ProvisionalSearch.aspx'>check the status of your provisional ballot</a> to make sure they've counted it.",
        "source":"https://www.sos.state.nm.us/voting-and-elections/voting-faqs/voting/",
        "last_checked":"2020-03-30"
    },


    "Nevada":
    {        
        "at_polls":"<p>When it's your turn at the polls, you'll sign your name and the election official will compare it to the signature you provided when you registered.</p>",
        "other_options": "<p>You can also show another form of ID that includes your signature, such as</p><ul><li>Driver's license or state ID</li> <li>Military ID</li> <li>Any government-issued document has your photo and signature</li></ul>",
        "no_id":"If you can't prove your identity, you can still vote a provisional ballot. Ask at your polling place what you need to do to make sure your vote is counted, or contact your <a href='https://www.nvsos.gov/sos/elections/voters/county-clerk-contact-information'>county election office</a>.",
        "source":"https://www.nvsos.gov/sos/sos-information/office-facts/faqs-all-division/elections",
        "last_checked":"2020-03-30"
    },

    "New York":
    {
        "at_polls":"<p>You don't need an ID unless you didn't verify your identity when you registered. If that's the case, you can show:</p><ul><li>Driver's license or state ID</li><li>Utility bill</li> <li>Bank statement</li> <li>Government check or paycheck</li> <li>Other government document that shows your name and address</li></ul>",
        "other_options": "",
        "no_id":"If you can't show an ID, you can still vote an \"affadavit ballot,\" which is a ballot that'll be counted after election officials verify that you are who you say you are. Ask at the polls what you need to do to prove that you should be able to vote.",
        "source":"https://www.nysenate.gov/legislation/laws/ELN/8-302",
        "last_checked":"2020-03-30"
    },

    "Ohio": 
    {
        "at_polls":"<p>At the polls, you'll announce your name and address, and show a document that also lists your name and addess. You can show one of these:</p><ul><li>Driver's license or state ID</li> <li>Military ID</li> <li>A government-issued ID</li> <li>Utility bill</li> <li>Bank statement</li> <li>Paycheck or government check</li> <li>Other government document that shows your name & address</li></ul>",
        "other_options": "",
        "no_id":"If you can't show ID, you can still vote a provisional ballot. You'll be asked for a piece of identifying information, such as the last 4 digits of your social security number, and the board of elections will try to verify that you are who you say you are.",
        "source":"https://www.sos.state.oh.us/elections/voters/id-requirements/#gref",
        "last_checked":"2020-03-31"
    },


    "Oklahoma":
    {
        "at_polls":"<p>You'll be asked to show ID at the polls. You need to show a document that isn't expired and that includes your name and photo, such as:</p><ul><li>State ID or driver's license</li><li>Passport</li><li>Utility bill</li><li>Paycheck or government check</li></ul>",
        "other_options": "",
        "no_id":"If you can't show ID, you can still vote a provisional ballot. Then, after the election, your County Election Board will try to figure out if your vote should count.",
        "source":"https://www.ok.gov/elections/Voter_Info/Proof_of_Identity/",
        "last_checked":"2020-03-31"       
    },

    "Oregon":
    {
        "at_polls":"<p>If you're already registered, you don't need to show ID. However, if you didn't provide an ID when you registered, you'll need to show one. You can show: </p><ul><li>Driver's license or state ID</li><li>Other photo ID</li> <li>Paycheck</li> <li>Utility bill</li> <li>Bank statement</li> <li>Government document</li></ul>",
        "other_options": "You may also be able to provide the last 4 digits of your social security number.",
        "no_id":"If you can't show ID, you can still vote a <a href='https://sos.oregon.gov/elections/Documents/SEL113.pdf'>provisional ballot</a>. Then, election officials will try to determine if your vote should count.",
        "source":"https://sos.oregon.gov/voting/Pages/registration.aspx",
        "last_checked":"2020-03-31"
    },
   
    "Pennsylvania":
    {
        "at_polls":"<p>You only need to show ID if it's your first time voting in your district. If that's the case, you can show: </p><ul><li>Driver's license or state ID</li> <li>Government-issued ID</li> <li>Passport</li> <li>Military ID</li> <li>Student ID</li> <li>Employee ID</li> <li>Voter registration card</li> <li>Firearm permit</li> <li>Utility bill</li> <li>Bank statement</li> <li>Paycheck or government check</li></ul>",
        "other_options": "",
        "no_id":"If you can't show ID, you can still vote a provisional ballot. Then, your County Election Office will decide if your vote should count (based on the info you provide in your provisional ballot).",
        "source":"https://www.dos.pa.gov/VotingElections/OtherServicesEvents/Documents/Voter%20ID%20Guidance%20FINAL.pdf",
        "last_checked":"2020-03-31"
    },

    "Rhode Island":
    {
        "at_polls":"<p>You'll need to show ID, such as:</p><ul><li>Driver's license or state ID</li> <li>Other government-issued ID</li> <li>Voter ID card</li> <li>Passport</li> <li>Student ID</li> <li>Military ID</li> <li>Medical card (e.g. Medicaid or Medicare)</li> </ul>",
        "other_options": "You can get a free voter ID from the <a href='https://vote.sos.ri.gov/'>Secretary of State</a>.",
        "no_id":"If you can't show ID, you can vote a <a href='https://elections.ri.gov/voting/provisional.php'>provisional ballot</a>. Then, after the election, your local Board of Canvassers will try to figure out if your vote should count.",
        "source":"https://elections.ri.gov/voting/id.php",
        "last_checked":"2020-03-31"
    },

    "South Carolina":
    {
        "at_polls":"<p>You'll be asked to show ID. You can show:</p><ul><li>Driver's license or state ID</li> <li>Voter registration card</li> <li>Military ID</li> <li>Passport</li> </ul>",
        "other_options": "You can get a free photo ID from your county voter registration and elections office.",
        "no_id":"If you can't show ID, you can vote a provisional ballot. Then, you have a couple of days to prove your identity. Ask for more details at your polling place.",
        "source":"https://www.scvotes.org/node/235",
        "last_checked":"2020-03-31"
    },

    "South Dakota":
    {
        "at_polls":"<p>You'll be asked to show ID. You can show:</p><ul><li>Driver's license or state ID</li><li>Government-issued ID (such as a passport)</li><li>Military ID</li> <li>Student ID</li> <li>Tribal ID</li></ul>",
        "other_options": "",
        "no_id":"If you don't have ID, you can sign a statement swearing to your identity, and then you can vote.",
        "source":"https://sdsos.gov/elections-voting/voting/default.aspx",
        "last_checked":"2020-03-31"
    },

    "Tennessee":
    {
        "at_polls":"<p>You'll be asked to show ID. You can show:</p><ul><li>Driver's license or state ID</li> <li>Passport</li> <li>Other government-issued ID</li> <li>Military ID</li> <li>Handgun permit (with a photo)</li></ul>",
        "other_options": "<p>If your ID is expired, you can still show it, but you'll need to also provide one of these:</p><ul><li>Utility bill</li> <li>Bank statement</li> <li>Government check or paycheck</li> <li>Another document that shows your name and address</li> <p>You can also get a <a href='https://www.tn.gov/safety/driver-services/photoids.html'>free voter ID</a> from the TN Department of Safety and Homeland Security.",
        "no_id":"If you can't show ID, you can vote a provisional ballot. Then, you'll have 2 days to prove your identity to the election commission.",
        "source":"https://sos.tn.gov/products/elections/what-id-required-when-voting",
        "last_checked":"2020-03-31"
    },

    "Texas":
    {
        "at_polls":"<p>You'll be asked to show a photo  ID. You can show:</p><ul><li>Driver's license or state ID</li><li>Texas Election Certificate</li> <li>Handgun license </li> <li>Military ID</li> <li>Citizenship certificate</li> <li>Passport</li></ul>",
        "other_options": "<p>You may also sign a statement giving a reason that you can't get a photo ID, as well as show one of these:</p><ul><li>Government document that shows your name and address</li> <li>Utility bill</li> <li>Bank statement</li> <li>Government check or paycheck</li><li>Birth certificate</li></ul>",
        "no_id":"If you can't show ID, you can vote a provisional ballot. Then, after the election, the voting board will figure out if your ballot counts.",
        "source":"https://www.sos.state.tx.us/elections/forms/id/poster-11x17-aw-voter.pdf",
        "last_checked":"2020-03-31"
    },

    "Utah":
    {
        "at_polls":"<p>You'll be asked to show a photo ID, such as:</p><ul><li>Driver's license or state ID</li><li>Concealed carry permit</li> <li>Passport</li><li>Tribal ID (with or without a photo)</li></ul><p>If you can't show a photo ID, you can also provide 2 of the following:</p><ul><li>Utility bill from sometime in the last 3 months</li><li>Bank or credit card statement</li> <li>Employer,government, or student ID</li> <li>Birth certificate</li><li>Social security card</li> <li>Government-issued check</li> <li>Hunting or fishing license</li> <li>Military ID</li> <li>Naturalization papers</li> <li>Adoption or name change paperwork</li> <li>Bureau of Indian Affairs card</li> <li>Medicaid, Medicare, or EBT card</li><li>Vehicle registration</li></ul>",
        "other_options": "",
        "no_id":"If you can't show ID, you can vote a provisional ballot. Then, after the election, the Election Division will try to determine if your vote counts (based on the information in your provisional ballot).",
        "source":"https://voteinfo.utah.gov/voter-id-requirements/",
        "last_checked":"2020-03-31"
    },

    "Virginia":
    {
        "at_polls":"<p>You'll need to show a photo ID. You can show:</p><ul><li>Virginia's driver's license or state ID</li> <li>Passport</li> <li>Veteran's ID</li> <li>Tribal ID</li> <li>Student ID</li><li>Employee ID</li> <li>Credit card/li> <li>Nursing home card</li><li>Other government-issued ID</li> </ul>",
        "other_options": "If you don't have an ID, you can <a href='https://www.elections.virginia.gov/media/formswarehouse/voter-photo-id/outreach-materials/ELECT-404-ID-VoPhoIDCardApp-Long.pdf'>apply for a VA photo ID</a> from your general registrar's office.",
        "no_id":"If you need to show ID but can't, you can vote a provisional ballot instead. Then, you'll be told how you can prove your identity to your local election officials.",
        "source":"https://www.elections.virginia.gov/casting-a-ballot/in-person-voting/",
        "last_checked":"2020-03-31"
    },
    
    "Vermont":
    {
        "at_polls":"<p>You only need to show ID if you're voting for the first time and registered by mail. If that's the case, you should take one of these with you to the polls:</p><ul><li>Driver's license, state ID, or some other photo ID</li><li>Utility bill</li> <li>Bank statement</li><li>Another government document</li> <li>Passport</li></ul>",
        "other_options": "",
        "no_id":"If you need to show ID but can't, you can vote a provisional ballot. Then, after the election, election officials will try to determine if your vote counts (based on the information in your provisional ballot).",
        "source":"https://sos.vermont.gov/elections/voters/voter-faqs/election-day-faqs/#q3",
        "last_checked":"2020-03-31"
    },

    
    "Washington":
    {
        "at_polls":"<p>If you're voting in person, you'll be asked for ID. You may show:</p><ul><li>Washington driver's license or state ID</li> <li>Student ID</li> <li>Tribal ID</li><li>Employee ID card</li></ul>",
        "other_options": "",
        "no_id":"If you don't have an ID, you'll vote a provisional ballot and include your signature. Then, election officials will match your signature to your registration, and decide if your vote counts.",
        "source":"https://app.leg.wa.gov/rcw/default.aspx?cite=29A.40.160",
        "last_checked":"2020-03-31"
    },

    "Washington, D.C.": 
    {
        "at_polls":"<p>You don't need an ID to vote, but if you are registering in person at the polls, you'll need to bring something that lists your address, such as: </p><ul><li>Government-issued ID (such as a driver's license)</li> <li>Utility bill from the last 3 months</li> <li>Government check or paycheck from the last 3 months</li> <li>Bank or credit card statement from the last 3 months</li> <li>Lease</li><li>Tuition bill from a D.C. college from this term</li><li>Occupancy statement from a DC homeless shelter from the last 3 months</li></ul>",
        "other_options": "",
        "no_id":"If you can't show ID, you're still able to vote a \"Special Ballot.\" Then, after the election, the Board of Electons will decide if your vote should count.",
        "source":"https://www.vote4dc.com/Home/IDRequirements",
        "last_checked":"2020-03-31"
    },



    "Wisconsin": 
    {
        "at_polls":"<p>You'll be asked to show ID. You may show an ID, such as:</p><ul><li>Wisconsin driver's license or state ID (or a receipt for one from the last 45 days)</li><li>Military or veteran's ID</li> <li>Passport</li><li>Tribal ID</li> <li>Student ID that includes your signature, the date it was issued, and is less than 2 years old</li><li>Certificate of naturalization</li></ul>",
        "other_options": "",
        "no_id":"If you can't show ID, you can still vote a provisional ballot. Then, you can go back to your polling place before it closes with ID, or you can take an ID to your municipal clerk by the Friday follwoing the electon.",
        "source":"https://myvote.wi.gov/en-us/PhotoIDRequired",
        "last_checked":"2020-03-31"
    },

    "West Virginia": 
    {
        "at_polls":"<p>You'll be asked to show ID, such as:</p><ul><li>Driver's license or state ID</li><li>Passport or passport card</li> <li>Military ID</li><li>Other government-issued ID (e.g. SNAP or TANF)</li> <li>Student ID</li> <li>Concealed carry permit</li> <li>Voter reigstration card</li> <li>Medicare, medicaid, or social security card</li><li>Hunting license</li>  <li>Bank statement</li> <li>Utility bill that's fewer than 6 months old</li> <li>Health insurance card</li></ul>",
        "other_options": "<p>You're also qualified to vote if:</p> <ul><li>You know a poll worker</li> <li>You live and vote in a state care facility</li> <li>Another voter vouches for you. The other voter needs to have ID and sign a statement swearing that they know you </li></ul>.",
        "no_id":"If you can't show ID, you can still vote a provisional ballot. Then, after the election, election officials will try to determine if your vote counts (based on the information in your provisional ballot).",
        "source":"https://sos.wv.gov/news/Pages/09-21-2018-A.aspx",
        "last_checked":"2020-03-31"
    },
    
    "Wyoming": 
    {
        "at_polls":"<p>You only need to show ID if you're voting for the first time and registered by mail. You can show:</p><ul><li>Driver's license or state ID</li> <li>Passport</li> <li>Other government-issued ID</li> <li>Student ID</li> <li>Military ID</li></ul>",
        "other_options": "<p>If you don't have a photo ID, you can show 2 of these:</p> <ul> <li>Social security card</li> <li>Birth certificate or Certification of Abroad Birth</li> <li>U.S. Draft record</li> <li>Voter registration card</li> <li>Certificate of naturalization</li> <li>Utility bill</li> <li>Bank statement</li> <li>Government check or paycheck</li> </ul>",
        "no_id":"If you can't show ID, you can still vote a provisional ballot. Then, after the election, election officials will try to determine if your vote counts (based on the information in your provisional ballot).",
        "source":"http://soswy.state.wy.us/faqs.aspx?root=ELEC",
        "last_checked":"2020-03-31"
    }
}



